query,tool,total_rows,na_rows,tm_non_na_rows,avg_tmscore,sum_tmscore,rmsd_non_na_rows,avg_RMSD,sum_RMSD
AF-P12530-F1-model_v4,foldseek,970,60,910,0.43736840659340676,398.00525000000016,910,4.094175824175825,3725.7000000000007
AF-P12530-F1-model_v4,ssalign,1000,87,913,0.7849219167579408,716.63371,913,2.532157721796273,2311.8599999999974
AF-P12530-F1-model_v4,ssalign_prefilter_2000,2000,193,1807,0.6317408245711124,1141.55567,1807,2.7833259546209197,5029.470000000002
AF-P12530-F1-model_v4,foldseek_except_ssalign,656,36,620,0.24885054838709678,154.28734,620,4.932483870967746,3058.1400000000026
AF-P12530-F1-model_v4,ssalign_except_foldseek,686,63,623,0.7544994703049765,470.0531700000004,623,2.6393258426966306,1644.3000000000009
AF-P12530-F1-model_v4,foldseek_except_ssalign_prefilter_2000,622,36,586,0.22437232081911268,131.48218000000003,586,5.06162116040956,2966.110000000002
AF-P12530-F1-model_v4,ssalign_prefilter_2000_except_foldseek,1652,169,1483,0.5900422117329736,875.0325999999998,1483,2.8792178017532017,4269.879999999998
AF-Q2JIP3-F1-model_v4,foldseek,1178,13,1165,0.5156369613733907,600.7170600000001,1165,0.6298025751072958,733.7199999999996
AF-Q2JIP3-F1-model_v4,ssalign,1000,5,995,0.8556089748743727,851.3309300000009,995,0.385045226130653,383.1199999999997
AF-Q2JIP3-F1-model_v4,ssalign_prefilter_2000,2000,16,1984,0.644231194556453,1278.1546900000026,1984,0.4128074596774208,819.0100000000028
AF-Q2JIP3-F1-model_v4,foldseek_except_ssalign,972,11,961,0.4671093548387096,448.8920899999999,961,0.6823204994797085,655.7099999999999
AF-Q2JIP3-F1-model_v4,ssalign_except_foldseek,794,3,791,0.8521918078381804,674.0837200000007,791,0.38572692793931695,305.10999999999973
AF-Q2JIP3-F1-model_v4,foldseek_except_ssalign_prefilter_2000,784,10,774,0.4422114082687343,342.27163000000036,774,0.7384496124031007,571.56
AF-Q2JIP3-F1-model_v4,ssalign_prefilter_2000_except_foldseek,1606,13,1593,0.6401188072818578,1019.7092599999995,1593,0.4123352165725059,656.8500000000018
AF-P27361-F1-model_v4,foldseek,1175,83,1092,0.6365643956043955,695.1283199999999,1092,3.122445054945054,3409.709999999999
AF-P27361-F1-model_v4,ssalign,1000,67,933,0.833830975348338,777.9642999999994,933,2.1505680600214365,2006.4800000000005
AF-P27361-F1-model_v4,ssalign_prefilter_2000,2000,138,1862,0.7889320945220168,1468.9915599999954,1862,2.247669172932333,4185.160000000004
AF-P27361-F1-model_v4,foldseek_except_ssalign,1131,78,1053,0.628520541310541,661.8321299999997,1053,3.160161443494776,3327.649999999999
AF-P27361-F1-model_v4,ssalign_except_foldseek,956,62,894,0.8330585794183437,744.7543699999993,894,2.1525950782997767,1924.4200000000005
AF-P27361-F1-model_v4,foldseek_except_ssalign_prefilter_2000,1087,76,1011,0.6203358852621167,627.15958,1011,3.193155291790306,3228.2799999999993
AF-P27361-F1-model_v4,ssalign_prefilter_2000_except_foldseek,1912,131,1781,0.7866495339696778,1401.0228199999963,1781,2.2480235822571593,4003.730000000001
AF-Q0ICK8-F1-model_v4,foldseek,1178,89,1089,0.5008359595959587,545.4103599999991,1089,4.081248852157945,4444.480000000001
AF-Q0ICK8-F1-model_v4,ssalign,1000,80,920,0.6577123260869566,605.0953400000001,920,4.2452065217391315,3905.590000000001
AF-Q0ICK8-F1-model_v4,ssalign_prefilter_2000,2000,171,1829,0.6079395626025146,1111.9214599999991,1829,4.05170585019136,7410.569999999998
AF-Q0ICK8-F1-model_v4,foldseek_except_ssalign,837,66,771,0.4403475356679637,339.50795,771,4.020635538262002,3099.9100000000035
AF-Q0ICK8-F1-model_v4,ssalign_except_foldseek,659,57,602,0.6581989867109643,396.2357900000005,602,4.254186046511632,2561.0200000000023
AF-Q0ICK8-F1-model_v4,foldseek_except_ssalign_prefilter_2000,526,42,484,0.36294719008264487,175.6664400000001,484,4.044586776859504,1957.58
AF-Q0ICK8-F1-model_v4,ssalign_prefilter_2000_except_foldseek,1348,124,1224,0.6063541993464054,742.1775400000002,1224,4.022606209150329,4923.670000000003
AF-H6TB12-F1-model_v4,foldseek,1178,92,1086,0.5540180294659296,601.6635799999996,1086,3.5296685082872865,3833.219999999993
AF-H6TB12-F1-model_v4,ssalign,1000,100,900,0.7979526000000005,718.1573400000004,900,3.117677777777774,2805.9099999999967
AF-H6TB12-F1-model_v4,ssalign_prefilter_2000,2000,194,1806,0.620085393133997,1119.8742199999986,1806,3.1900775193798454,5761.280000000001
AF-H6TB12-F1-model_v4,foldseek_except_ssalign,867,73,794,0.4653173551637276,369.4619799999997,794,3.7516372795969715,2978.799999999995
AF-H6TB12-F1-model_v4,ssalign_except_foldseek,689,81,608,0.7748262006578944,471.0943299999998,608,3.2096874999999976,1951.4899999999986
AF-H6TB12-F1-model_v4,foldseek_except_ssalign_prefilter_2000,753,71,682,0.4424442082111435,301.74694999999986,682,3.860982404692078,2633.1899999999973
AF-H6TB12-F1-model_v4,ssalign_prefilter_2000_except_foldseek,1575,173,1402,0.5848484950071314,819.9575899999983,1402,3.2533880171184024,4561.25
AF-Q5PQY6-F1-model_v4,foldseek,1108,72,1036,0.45074635135135066,466.9732199999993,1036,3.5921525096525118,3721.470000000002
AF-Q5PQY6-F1-model_v4,ssalign,1000,78,922,0.5999083188720168,553.1154699999995,922,3.8456182212581345,3545.66
AF-Q5PQY6-F1-model_v4,ssalign_prefilter_2000,2000,167,1833,0.5479786688488826,1004.4449000000017,1833,3.9000600109110724,7148.809999999996
AF-Q5PQY6-F1-model_v4,foldseek_except_ssalign,777,54,723,0.37693632088520035,272.52495999999985,723,3.544177040110652,2562.4400000000014
AF-Q5PQY6-F1-model_v4,ssalign_except_foldseek,669,60,609,0.5895274876847283,359.02223999999956,609,3.9189326765188808,2386.6299999999983
AF-Q5PQY6-F1-model_v4,foldseek_except_ssalign_prefilter_2000,606,42,564,0.3129213297872341,176.48763000000002,564,3.5575177304964534,2006.4399999999996
AF-Q5PQY6-F1-model_v4,ssalign_prefilter_2000_except_foldseek,1498,137,1361,0.5245843570903749,713.9593100000002,1361,3.992490815576779,5433.779999999996
AF-C0Q9W7-F1-model_v4,foldseek,1178,97,1081,0.7998127289546728,864.5975600000013,1081,1.720231267345048,1859.5699999999968
AF-C0Q9W7-F1-model_v4,ssalign,1000,88,912,0.9130772807017545,832.7264800000002,912,1.161754385964912,1059.5199999999998
AF-C0Q9W7-F1-model_v4,ssalign_prefilter_2000,2000,200,1800,0.852493266666666,1534.4878799999988,1800,1.248766666666665,2247.779999999997
AF-C0Q9W7-F1-model_v4,foldseek_except_ssalign,842,67,775,0.7425010967741943,575.4383500000006,775,1.9486193548387065,1510.1799999999976
AF-C0Q9W7-F1-model_v4,ssalign_except_foldseek,664,58,606,0.9129689603960393,553.2591899999998,606,1.1718316831683173,710.1300000000003
AF-C0Q9W7-F1-model_v4,foldseek_except_ssalign_prefilter_2000,494,29,465,0.7238626451612906,336.59613000000013,465,2.336838709677417,1086.629999999999
AF-C0Q9W7-F1-model_v4,ssalign_prefilter_2000_except_foldseek,1316,132,1184,0.8500730152027035,1006.4864500000009,1184,1.2456418918918908,1474.8399999999988
AF-B1I1S7-F1-model_v4,foldseek,1176,82,1094,0.7880347257769649,862.1099899999996,1094,2.299159049360143,2515.2799999999966
AF-B1I1S7-F1-model_v4,ssalign,1000,41,959,0.8699611157455691,834.2927100000007,959,2.0222627737226273,1939.3499999999995
AF-B1I1S7-F1-model_v4,ssalign_prefilter_2000,2000,109,1891,0.8356530565838183,1580.2199300000004,1891,2.088857747223694,3950.030000000005
AF-B1I1S7-F1-model_v4,foldseek_except_ssalign,903,70,833,0.7610862665066025,633.9848599999999,833,2.3894597839135643,1990.4199999999992
AF-B1I1S7-F1-model_v4,ssalign_except_foldseek,727,29,698,0.8685661318051582,606.2591600000004,698,2.0264899713467037,1414.4899999999993
AF-B1I1S7-F1-model_v4,foldseek_except_ssalign_prefilter_2000,648,53,595,0.744646773109244,443.0648300000002,595,2.4963865546218496,1485.3500000000004
AF-B1I1S7-F1-model_v4,ssalign_prefilter_2000_except_foldseek,1472,80,1392,0.8341772772988512,1161.1747700000008,1392,2.0977729885057492,2920.100000000003
AF-Q08046-F1-model_v4,foldseek,1178,74,1104,0.6083480434782604,671.6162399999995,1104,2.4215942028985533,2673.440000000003
AF-Q08046-F1-model_v4,ssalign,1000,28,972,0.7606460699588476,739.3479799999999,972,1.7538271604938238,1704.7199999999968
AF-Q08046-F1-model_v4,ssalign_prefilter_2000,2000,57,1943,0.5814971950591862,1129.8490499999987,1943,1.7286309830159519,3358.7299999999946
AF-Q08046-F1-model_v4,foldseek_except_ssalign,1047,68,979,0.5993260980592441,586.74025,979,2.502114402451484,2449.570000000003
AF-Q08046-F1-model_v4,ssalign_except_foldseek,869,22,847,0.7608395631641081,644.4311099999995,847,1.7483471074380126,1480.8499999999967
AF-Q08046-F1-model_v4,foldseek_except_ssalign_prefilter_2000,944,66,878,0.6095601822323464,535.1938400000001,878,2.5960478359908885,2279.33
AF-Q08046-F1-model_v4,ssalign_prefilter_2000_except_foldseek,1766,49,1717,0.5785827897495627,993.4266499999991,1717,1.7266278392545116,2964.6199999999963
AF-P61163-F1-model_v4,foldseek,1178,67,1111,0.7113266066606669,790.2838600000009,1111,2.1965166516651693,2440.330000000003
AF-P61163-F1-model_v4,ssalign,1000,78,922,0.8335045553145332,768.4911999999996,922,1.7860520607375276,1646.7400000000005
AF-P61163-F1-model_v4,ssalign_prefilter_2000,2000,145,1855,0.759439757412397,1408.7607499999965,1855,1.9110943396226412,3545.0799999999995
AF-P61163-F1-model_v4,foldseek_except_ssalign,1011,52,959,0.694344681960376,665.8765500000006,959,2.2533263816475495,2160.94
AF-P61163-F1-model_v4,ssalign_except_foldseek,833,63,770,0.8320404415584417,640.6711400000002,770,1.7757792207792225,1367.3500000000013
AF-P61163-F1-model_v4,foldseek_except_ssalign_prefilter_2000,864,46,818,0.6831328850855738,558.8026999999994,818,2.294706601466994,1877.070000000001
AF-P61163-F1-model_v4,ssalign_prefilter_2000_except_foldseek,1686,124,1562,0.7537001216389221,1177.2795899999962,1562,1.9089756722151112,2981.820000000004
AF-P49146-F1-model_v4,foldseek,1063,76,987,0.6661329381965561,657.4732100000008,987,3.1852482269503573,3143.8400000000024
AF-P49146-F1-model_v4,ssalign,1000,43,957,0.7472182967607097,715.0879099999992,957,2.616426332288402,2503.9200000000005
AF-P49146-F1-model_v4,ssalign_prefilter_2000,2000,104,1896,0.7333842246835434,1390.4964899999982,1896,2.6771360759493676,5075.850000000001
AF-P49146-F1-model_v4,foldseek_except_ssalign,1017,76,941,0.6614900956429336,622.4621800000006,941,3.2099256110520735,3020.5400000000013
AF-P49146-F1-model_v4,ssalign_except_foldseek,954,43,911,0.7473916794731059,680.8738199999995,911,2.6131942919868285,2380.620000000001
AF-P49146-F1-model_v4,foldseek_except_ssalign_prefilter_2000,977,73,904,0.6584984845132751,595.2826300000007,904,3.2353982300884976,2924.800000000002
AF-P49146-F1-model_v4,ssalign_prefilter_2000_except_foldseek,1914,101,1813,0.732656321014892,1328.3059099999991,1813,2.6788803088803075,4856.809999999998
AF-Q2YRA1-F1-model_v4,foldseek,1177,100,1077,0.7357668895078933,792.420940000001,1077,1.8846146703806879,2029.730000000001
AF-Q2YRA1-F1-model_v4,ssalign,1000,98,902,0.8751479157427947,789.3834200000008,902,1.4414301552106439,1300.1700000000008
AF-Q2YRA1-F1-model_v4,ssalign_prefilter_2000,2000,199,1801,0.7848880066629663,1413.5833000000023,1801,1.4389228206551918,2591.5000000000005
AF-Q2YRA1-F1-model_v4,foldseek_except_ssalign,856,69,787,0.6834722490470146,537.8926600000005,787,2.049783989834815,1613.1799999999996
AF-Q2YRA1-F1-model_v4,ssalign_except_foldseek,679,67,612,0.8745324673202606,535.2138699999995,612,1.443823529411764,883.6199999999997
AF-Q2YRA1-F1-model_v4,foldseek_except_ssalign_prefilter_2000,519,35,484,0.6696787190082644,324.12449999999995,484,2.406136363636363,1164.5699999999997
AF-Q2YRA1-F1-model_v4,ssalign_prefilter_2000_except_foldseek,1342,134,1208,0.7825222350993385,945.286860000001,1208,1.4290894039735096,1726.3399999999995
AF-Q96WT3-F1-model_v4,foldseek,1178,86,1092,0.6465114010989016,705.9904500000006,1092,2.7480402930402943,3000.8600000000015
AF-Q96WT3-F1-model_v4,ssalign,1000,45,955,0.7611021989528796,726.8525999999999,955,2.426795811518324,2317.5899999999992
AF-Q96WT3-F1-model_v4,ssalign_prefilter_2000,2000,100,1900,0.6777754421052633,1287.7733400000002,1900,2.569752631578945,4882.529999999995
AF-Q96WT3-F1-model_v4,foldseek_except_ssalign,871,77,794,0.6102274559193956,484.5206000000002,794,2.8664609571788415,2275.9700000000003
AF-Q96WT3-F1-model_v4,ssalign_except_foldseek,693,36,657,0.757044764079148,497.3784100000002,657,2.4242009132420104,1592.7000000000007
AF-Q96WT3-F1-model_v4,foldseek_except_ssalign_prefilter_2000,659,65,594,0.5874960606060605,348.97265999999996,594,2.90097643097643,1723.1799999999994
AF-Q96WT3-F1-model_v4,ssalign_prefilter_2000_except_foldseek,1481,79,1402,0.6638769971469324,930.7555499999992,1402,2.571219686162624,3604.849999999999
AF-B0TAF3-F1-model_v4,foldseek,1176,82,1094,0.7338453382084104,802.826800000001,1094,2.2144515539305325,2422.6100000000024
AF-B0TAF3-F1-model_v4,ssalign,1000,50,950,0.8434213052631566,801.2502399999988,950,2.0042315789473686,1904.0200000000002
AF-B0TAF3-F1-model_v4,ssalign_prefilter_2000,2000,122,1878,0.7797177689030885,1464.3099700000002,1878,2.0757720979765737,3898.3000000000056
AF-B0TAF3-F1-model_v4,foldseek_except_ssalign,883,64,819,0.7082610866910859,580.0658299999993,819,2.284835164835165,1871.28
AF-B0TAF3-F1-model_v4,ssalign_except_foldseek,707,32,675,0.8434340592592584,569.3179899999994,675,2.003985185185185,1352.69
AF-B0TAF3-F1-model_v4,foldseek_except_ssalign_prefilter_2000,662,53,609,0.691364105090311,421.0407399999994,609,2.3350903119868636,1422.07
AF-B0TAF3-F1-model_v4,ssalign_prefilter_2000_except_foldseek,1486,93,1393,0.7771169490308683,1082.5239099999994,1393,2.0802297200287185,2897.760000000005
AF-Q5RDM4-F1-model_v4,foldseek,1069,83,986,0.4875479208924949,480.72225,986,2.9729817444219058,2931.359999999999
AF-Q5RDM4-F1-model_v4,ssalign,1000,68,932,0.6940781652360519,646.8808500000004,932,3.3439806866952804,3116.5900000000015
AF-Q5RDM4-F1-model_v4,ssalign_prefilter_2000,2000,157,1843,0.4991685132935437,919.967570000001,1843,3.587352143244705,6611.489999999992
AF-Q5RDM4-F1-model_v4,foldseek_except_ssalign,972,73,899,0.46400404894327046,417.13964000000016,899,2.9558843159065606,2657.339999999998
AF-Q5RDM4-F1-model_v4,ssalign_except_foldseek,903,58,845,0.6861611242603552,579.8061500000002,845,3.3639881656804755,2842.570000000002
AF-Q5RDM4-F1-model_v4,foldseek_except_ssalign_prefilter_2000,939,71,868,0.45901963133640566,398.4290400000001,868,2.9441935483870934,2555.559999999997
AF-Q5RDM4-F1-model_v4,ssalign_prefilter_2000_except_foldseek,1870,145,1725,0.4856083246376812,837.6743600000001,1725,3.6148927536231845,6235.689999999993
AF-Q14BI2-F1-model_v4,foldseek,1178,78,1100,0.6164698727272733,678.1168600000007,1100,3.706809090909092,4077.490000000001
AF-Q14BI2-F1-model_v4,ssalign,1000,72,928,0.7318159267241372,679.1251799999993,928,3.7907219827586185,3517.789999999998
AF-Q14BI2-F1-model_v4,ssalign_prefilter_2000,2000,170,1830,0.6371173442622953,1165.9247400000004,1830,3.971486338797804,7267.8199999999815
AF-Q14BI2-F1-model_v4,foldseek_except_ssalign,689,46,643,0.5163487713841375,332.0122600000004,643,3.7853965785381036,2434.0100000000007
AF-Q14BI2-F1-model_v4,ssalign_except_foldseek,511,40,471,0.6923775583864118,326.10982999999993,471,3.9794267515923574,1874.3100000000004
AF-Q14BI2-F1-model_v4,foldseek_except_ssalign_prefilter_2000,405,21,384,0.45557505208333327,174.94081999999997,384,3.7589843749999994,1443.4499999999998
AF-Q14BI2-F1-model_v4,ssalign_prefilter_2000_except_foldseek,1227,113,1114,0.594927019748653,662.7486999999995,1114,4.1595870736086145,4633.779999999996
AF-Q8RDD1-F1-model_v4,foldseek,1160,108,1052,0.5720434315589358,601.7896900000004,1052,2.8713307984790895,3020.640000000002
AF-Q8RDD1-F1-model_v4,ssalign,1000,76,924,0.7105989069264071,656.5933900000002,924,2.604469696969697,2406.53
AF-Q8RDD1-F1-model_v4,ssalign_prefilter_2000,2000,141,1859,0.6509679774072095,1210.1494700000023,1859,2.7658203335126403,5141.659999999998
AF-Q8RDD1-F1-model_v4,foldseek_except_ssalign,1018,97,921,0.5523017806731808,508.6699399999995,921,2.9357980456026076,2703.8700000000017
AF-Q8RDD1-F1-model_v4,ssalign_except_foldseek,858,65,793,0.701036393442623,555.92186,793,2.6352585119798224,2089.7599999999993
AF-Q8RDD1-F1-model_v4,foldseek_except_ssalign_prefilter_2000,935,91,844,0.5413318720379142,456.8840999999996,844,2.9667772511848356,2503.9600000000014
AF-Q8RDD1-F1-model_v4,ssalign_prefilter_2000_except_foldseek,1775,124,1651,0.645211314354937,1065.243880000001,1651,2.8013204118715938,4624.980000000001
AF-B5YKW0-F1-model_v4,foldseek,1177,100,1077,0.5825491457753025,627.4054300000008,1077,2.805496750232123,3021.5199999999963
AF-B5YKW0-F1-model_v4,ssalign,1000,57,943,0.7379933616118761,695.9277399999992,943,2.5094167550371145,2366.3799999999987
AF-B5YKW0-F1-model_v4,ssalign_prefilter_2000,2000,131,1869,0.600406805778492,1122.1603200000015,1869,2.828325307651148,5286.139999999996
AF-B5YKW0-F1-model_v4,foldseek_except_ssalign,944,87,857,0.5454741073512248,467.4713099999996,857,2.959066511085177,2535.9199999999964
AF-B5YKW0-F1-model_v4,ssalign_except_foldseek,767,44,723,0.721902780082987,521.9357099999996,723,2.601355463347164,1880.7799999999997
AF-B5YKW0-F1-model_v4,foldseek_except_ssalign_prefilter_2000,780,72,708,0.543655423728813,384.90803999999963,708,3.00141242937853,2124.999999999999
AF-B5YKW0-F1-model_v4,ssalign_prefilter_2000_except_foldseek,1603,103,1500,0.5864419533333333,879.66293,1500,2.9264133333333326,4389.619999999999
AF-A9NHW0-F1-model_v4,foldseek,1178,116,1062,0.6348708474576271,674.23284,1062,3.161205273069685,3357.2000000000053
AF-A9NHW0-F1-model_v4,ssalign,1000,95,905,0.774732022099446,701.1324799999986,905,3.465469613259668,3136.2499999999995
AF-A9NHW0-F1-model_v4,ssalign_prefilter_2000,2000,199,1801,0.7136651304830658,1285.3109000000015,1801,3.469644641865631,6248.830000000002
AF-A9NHW0-F1-model_v4,foldseek_except_ssalign,774,78,696,0.5626233189655168,391.58582999999965,696,3.0101436781609157,2095.059999999997
AF-A9NHW0-F1-model_v4,ssalign_except_foldseek,596,57,539,0.7739070871985153,417.13591999999977,539,3.477012987012986,1874.1099999999992
AF-A9NHW0-F1-model_v4,foldseek_except_ssalign_prefilter_2000,462,51,411,0.4749824574209241,195.2177899999998,411,2.6957907542579083,1107.9700000000003
AF-A9NHW0-F1-model_v4,ssalign_prefilter_2000_except_foldseek,1284,134,1150,0.7011268260869551,806.2958499999984,1150,3.477913043478267,3999.6000000000067
AF-Q83H66-F1-model_v4,foldseek,1178,110,1068,0.6447061423220986,688.5461600000012,1068,1.8841853932584245,2012.3099999999974
AF-Q83H66-F1-model_v4,ssalign,1000,84,916,0.8289581659388653,759.3256800000006,916,1.585949781659386,1452.7299999999975
AF-Q83H66-F1-model_v4,ssalign_prefilter_2000,2000,181,1819,0.6322775645959317,1150.1128899999997,1819,1.9016162726772936,3459.0399999999972
AF-Q83H66-F1-model_v4,foldseek_except_ssalign,550,52,498,0.5167756024096385,257.35425,498,2.225682730923692,1108.3899999999987
AF-Q83H66-F1-model_v4,ssalign_except_foldseek,372,26,346,0.8283039017341042,286.59315000000004,346,1.5861560693641628,548.8100000000003
AF-Q83H66-F1-model_v4,foldseek_except_ssalign_prefilter_2000,232,19,213,0.4969081690140846,105.84144000000002,213,2.947605633802817,627.84
AF-Q83H66-F1-model_v4,ssalign_prefilter_2000_except_foldseek,1054,90,964,0.588597686721992,567.4081700000003,964,2.1520435684647325,2074.570000000002
AF-P56592-F1-model_v4,foldseek,1178,81,1097,0.7872101640838651,863.56955,1097,2.7266089334548735,2991.0899999999965
AF-P56592-F1-model_v4,ssalign,1000,45,955,0.8609422931937175,822.1998900000002,955,2.653078534031419,2533.690000000005
AF-P56592-F1-model_v4,ssalign_prefilter_2000,2000,106,1894,0.8186329039070765,1550.490720000003,1894,2.684904963041183,5085.210000000001
AF-P56592-F1-model_v4,foldseek_except_ssalign,939,70,869,0.7725531875719224,671.3487200000005,869,2.781599539700806,2417.2100000000005
AF-P56592-F1-model_v4,ssalign_except_foldseek,761,34,727,0.8606080330123806,625.6620400000007,727,2.695749656121046,1959.8100000000006
AF-P56592-F1-model_v4,foldseek_except_ssalign_prefilter_2000,708,55,653,0.7615781163859102,497.3105099999994,653,2.8409954058192963,1855.1700000000005
AF-P56592-F1-model_v4,ssalign_prefilter_2000_except_foldseek,1530,80,1450,0.8167115034482753,1184.2316799999992,1450,2.7236482758620704,3949.2900000000022
AF-Q9TM40-F1-model_v4,foldseek,1178,86,1092,0.8227666300366315,898.4611600000017,1092,1.4980952380952368,1635.9199999999987
AF-Q9TM40-F1-model_v4,ssalign,1000,61,939,0.8804544195953138,826.7466999999997,939,1.4684558040468572,1378.879999999999
AF-Q9TM40-F1-model_v4,ssalign_prefilter_2000,2000,150,1850,0.8390831567567549,1552.3038399999966,1850,1.57784324324324,2919.0099999999943
AF-Q9TM40-F1-model_v4,foldseek_except_ssalign,688,70,618,0.7590414077669903,469.08759,618,1.6036407766990288,991.0499999999998
AF-Q9TM40-F1-model_v4,ssalign_except_foldseek,510,45,465,0.8657791397849455,402.58729999999963,465,1.5785161290322591,734.0100000000004
AF-Q9TM40-F1-model_v4,foldseek_except_ssalign_prefilter_2000,293,28,265,0.709674301886793,188.06369000000015,265,1.6150188679245285,427.9800000000001
AF-Q9TM40-F1-model_v4,ssalign_prefilter_2000_except_foldseek,1115,92,1023,0.8229778787878793,841.9063700000005,1023,1.6726001955034222,1711.0700000000008
AF-Q38VZ2-F1-model_v4,foldseek,1178,105,1073,0.8202086206896555,880.0838500000003,1073,1.6211835973904978,1739.530000000004
AF-Q38VZ2-F1-model_v4,ssalign,1000,93,907,0.9232778610804862,837.413020000001,907,1.3426130099228228,1217.7500000000002
AF-Q38VZ2-F1-model_v4,ssalign_prefilter_2000,2000,176,1824,0.8975905153508774,1637.2051000000004,1824,1.4246820175438601,2598.620000000001
AF-Q38VZ2-F1-model_v4,foldseek_except_ssalign,875,76,799,0.7851221526908626,627.3125999999992,799,1.7118272841051352,1367.750000000003
AF-Q38VZ2-F1-model_v4,ssalign_except_foldseek,697,64,633,0.9227847709320712,584.1227600000011,633,1.3364454976303308,845.9699999999993
AF-Q38VZ2-F1-model_v4,foldseek_except_ssalign_prefilter_2000,590,55,535,0.7412402056074772,396.5635100000003,535,1.8225794392523378,975.0800000000007
AF-Q38VZ2-F1-model_v4,ssalign_prefilter_2000_except_foldseek,1412,126,1286,0.8971110108864693,1153.6847599999994,1286,1.4262597200622071,1834.1699999999983
AF-Q9V9P3-F1-model_v4,foldseek,1173,54,1119,0.5236901697944601,586.009300000001,1119,3.044110813226097,3406.3600000000024
AF-Q9V9P3-F1-model_v4,ssalign,1000,58,942,0.5727281847133754,539.5099499999997,942,3.0583757961783475,2880.9900000000034
AF-Q9V9P3-F1-model_v4,ssalign_prefilter_2000,2000,102,1898,0.5050202423603798,958.5284200000009,1898,2.8196891464699743,5351.770000000011
AF-Q9V9P3-F1-model_v4,foldseek_except_ssalign,695,35,660,0.46978992424242416,310.06134999999995,660,2.9070606060606066,1918.6600000000003
AF-Q9V9P3-F1-model_v4,ssalign_except_foldseek,522,39,483,0.5595148654244309,270.2456800000001,483,2.884658385093164,1393.2899999999981
AF-Q9V9P3-F1-model_v4,foldseek_except_ssalign_prefilter_2000,465,26,439,0.47129498861047847,206.89850000000004,439,3.048929384965835,1338.4800000000016
AF-Q9V9P3-F1-model_v4,ssalign_prefilter_2000_except_foldseek,1292,74,1218,0.475712331691298,579.417620000001,1218,2.6961330049261036,3283.8899999999944
AF-Q8PLQ0-F1-model_v4,foldseek,1178,107,1071,0.622041914098972,666.206889999999,1071,3.541951447245569,3793.4300000000044
AF-Q8PLQ0-F1-model_v4,ssalign,1000,98,902,0.7849373835920178,708.0135200000001,902,3.6493348115299353,3291.7000000000016
AF-Q8PLQ0-F1-model_v4,ssalign_prefilter_2000,2000,183,1817,0.6403562850853065,1163.5273700000018,1817,3.7184810126582253,6756.479999999995
AF-Q8PLQ0-F1-model_v4,foldseek_except_ssalign,659,66,593,0.5313396627318723,315.08442000000025,593,3.5149747048903905,2084.3800000000015
AF-Q8PLQ0-F1-model_v4,ssalign_except_foldseek,481,57,424,0.7788963207547159,330.25203999999957,424,3.732665094339621,1582.6499999999992
AF-Q8PLQ0-F1-model_v4,foldseek_except_ssalign_prefilter_2000,383,44,339,0.4894534513274339,165.9247200000001,339,3.3535988200589975,1136.8700000000001
AF-Q8PLQ0-F1-model_v4,ssalign_prefilter_2000_except_foldseek,1205,120,1085,0.6112858986175111,663.2451999999996,1085,3.778728110599081,4099.920000000003
AF-M2YIZ5-F1-model_v4,foldseek,1178,68,1110,0.8188416576576578,908.9142400000002,1110,3.030756756756752,3364.139999999995
AF-M2YIZ5-F1-model_v4,ssalign,1000,35,965,0.8445865595854921,815.0260299999999,965,2.974694300518132,2870.5799999999977
AF-M2YIZ5-F1-model_v4,ssalign_prefilter_2000,2000,84,1916,0.8355541544885169,1600.9217599999984,1916,3.0211012526096033,5788.43
AF-M2YIZ5-F1-model_v4,foldseek_except_ssalign,895,59,836,0.8086546889952138,676.0353199999987,836,3.0883014354067004,2581.8200000000015
AF-M2YIZ5-F1-model_v4,ssalign_except_foldseek,717,26,691,0.8401665123010124,580.5550599999996,691,3.0220839363241643,2088.2599999999975
AF-M2YIZ5-F1-model_v4,foldseek_except_ssalign_prefilter_2000,699,47,652,0.8019493711656437,522.8709899999997,652,3.1001073619631914,2021.270000000001
AF-M2YIZ5-F1-model_v4,ssalign_prefilter_2000_except_foldseek,1521,63,1458,0.8332500068587098,1214.8785099999989,1458,3.0490809327846424,4445.560000000009
AF-Q72QT4-F1-model_v4,foldseek,1177,109,1068,0.7329826685393248,782.8254899999989,1068,2.7423782771535556,2928.8599999999974
AF-Q72QT4-F1-model_v4,ssalign,1000,88,912,0.8418934649122798,767.8068399999992,912,2.050032894736839,1869.6299999999972
AF-Q72QT4-F1-model_v4,ssalign_prefilter_2000,2000,174,1826,0.8008925082146763,1462.429719999999,1826,2.3645947426067884,4317.749999999995
AF-Q72QT4-F1-model_v4,foldseek_except_ssalign,931,81,850,0.7017752470588229,596.5089599999994,850,2.9484235294117607,2506.1599999999967
AF-Q72QT4-F1-model_v4,ssalign_except_foldseek,754,60,694,0.8341941786743511,578.9307599999996,694,2.084913544668588,1446.9299999999998
AF-Q72QT4-F1-model_v4,foldseek_except_ssalign_prefilter_2000,784,71,713,0.6809333239831699,485.5054600000001,713,2.9909396914445945,2132.539999999996
AF-Q72QT4-F1-model_v4,ssalign_prefilter_2000_except_foldseek,1607,136,1471,0.7920528144119637,1165.1096899999986,1471,2.3939021074099243,3521.4299999999985
AF-B7H293-F1-model_v4,foldseek,1178,98,1080,0.7641326481481481,825.26326,1080,1.6599814814814802,1792.7799999999986
AF-B7H293-F1-model_v4,ssalign,1000,75,925,0.8504100216216225,786.6292700000008,925,1.6753945945945938,1549.7399999999993
AF-B7H293-F1-model_v4,ssalign_prefilter_2000,2000,172,1828,0.8066278993435438,1474.515799999998,1828,1.6726312910284475,3057.570000000002
AF-B7H293-F1-model_v4,foldseek_except_ssalign,730,56,674,0.7105218100890205,478.89169999999984,674,1.684673590504452,1135.4700000000007
AF-B7H293-F1-model_v4,ssalign_except_foldseek,552,33,519,0.8453320616570332,438.72734000000025,519,1.7195183044315994,892.4300000000001
AF-B7H293-F1-model_v4,foldseek_except_ssalign_prefilter_2000,406,26,380,0.6760731315789478,256.90779000000015,380,1.6942105263157894,643.8
AF-B7H293-F1-model_v4,ssalign_prefilter_2000_except_foldseek,1228,100,1128,0.8033336258865249,906.16033,1128,1.692012411347521,1908.5900000000038
AF-Q2KTE1-F1-model_v4,foldseek,1157,61,1096,0.7144391332116773,783.0252899999983,1096,3.203458029197083,3510.990000000003
AF-Q2KTE1-F1-model_v4,ssalign,1000,72,928,0.7466434698275864,692.8851400000002,928,2.975657327586207,2761.4100000000003
AF-Q2KTE1-F1-model_v4,ssalign_prefilter_2000,2000,115,1885,0.7367121803713529,1388.7024600000002,1885,3.008928381962866,5671.830000000002
AF-Q2KTE1-F1-model_v4,foldseek_except_ssalign,838,28,810,0.6979303333333328,565.3235699999996,810,3.3014938271604937,2674.21
AF-Q2KTE1-F1-model_v4,ssalign_except_foldseek,681,39,642,0.7428282554517136,476.8957400000001,642,2.9978660436137052,1924.6299999999987
AF-Q2KTE1-F1-model_v4,foldseek_except_ssalign_prefilter_2000,735,27,708,0.6935699858757063,491.04755000000006,708,3.3103531073446297,2343.7299999999977
AF-Q2KTE1-F1-model_v4,ssalign_prefilter_2000_except_foldseek,1578,81,1497,0.7326150434201744,1096.724720000001,1497,3.0090647962591843,4504.569999999999
AF-B7JYL4-F1-model_v4,foldseek,1177,115,1062,0.7128992278719393,757.0989799999995,1062,2.5076930320150654,2663.1699999999996
AF-B7JYL4-F1-model_v4,ssalign,1000,99,901,0.8113549944506102,731.0308499999998,901,2.085638179800224,1879.160000000002
AF-B7JYL4-F1-model_v4,ssalign_prefilter_2000,2000,200,1800,0.7918940444444452,1425.4092800000014,1800,2.2498666666666685,4049.760000000003
AF-B7JYL4-F1-model_v4,foldseek_except_ssalign,929,91,838,0.6856226252983294,574.5517600000001,838,2.6243198090692124,2199.18
AF-B7JYL4-F1-model_v4,ssalign_except_foldseek,752,75,677,0.8116586558345649,549.4929100000004,677,2.0903545051698673,1415.1700000000003
AF-B7JYL4-F1-model_v4,foldseek_except_ssalign_prefilter_2000,681,65,616,0.6563552922077921,404.31485999999995,616,2.6872240259740257,1655.3299999999997
AF-B7JYL4-F1-model_v4,ssalign_prefilter_2000_except_foldseek,1504,150,1354,0.7921899261447565,1072.6251600000003,1354,2.2466174298375203,3041.920000000003
AF-Q5BE65-F1-model_v4,foldseek,1178,95,1083,0.6442061772853175,697.6752899999989,1083,3.025512465373959,3276.6299999999974
AF-Q5BE65-F1-model_v4,ssalign,1000,43,957,0.7310087983281082,699.5754199999996,957,2.829101358411707,2707.4500000000035
AF-Q5BE65-F1-model_v4,ssalign_prefilter_2000,2000,99,1901,0.6590608679642287,1252.8747099999987,1901,3.022151499210939,5745.109999999995
AF-Q5BE65-F1-model_v4,foldseek_except_ssalign,918,83,835,0.6077831736526946,507.49895000000004,835,3.2094730538922156,2679.91
AF-Q5BE65-F1-model_v4,ssalign_except_foldseek,740,31,709,0.7083659802538793,502.23148000000043,709,2.977052186177716,2110.7300000000005
AF-Q5BE65-F1-model_v4,foldseek_except_ssalign_prefilter_2000,858,81,777,0.6031276576576577,468.63019,777,3.2220978120978145,2503.570000000002
AF-Q5BE65-F1-model_v4,ssalign_prefilter_2000_except_foldseek,1680,85,1595,0.6418994420062697,1023.8296100000002,1595,3.1172727272727263,4972.049999999998
AF-Q0SN06-F1-model_v4,foldseek,1178,71,1107,0.8510489430894295,942.1111799999984,1107,1.492113821138212,1651.7700000000007
AF-Q0SN06-F1-model_v4,ssalign,1000,57,943,0.882509247083775,832.2062199999998,943,1.3594379639448577,1281.9500000000007
AF-Q0SN06-F1-model_v4,ssalign_prefilter_2000,2000,134,1866,0.8128933815648437,1516.8590499999984,1866,1.4626045016077167,2729.2199999999993
AF-Q0SN06-F1-model_v4,foldseek_except_ssalign,493,31,462,0.7944838095238091,367.0515199999998,462,1.687467532467532,779.6099999999998
AF-Q0SN06-F1-model_v4,ssalign_except_foldseek,315,17,298,0.8830103020134226,263.13706999999994,298,1.3751342281879189,409.7899999999998
AF-Q0SN06-F1-model_v4,foldseek_except_ssalign_prefilter_2000,201,16,185,0.76561945945946,141.6396000000001,185,1.89,349.65
AF-Q0SN06-F1-model_v4,ssalign_prefilter_2000_except_foldseek,1023,79,944,0.758885031779661,716.38747,944,1.5117584745762667,1427.0999999999958
AF-Q8YI64-F1-model_v4,foldseek,1178,104,1074,0.7942104469273739,852.9820199999996,1074,1.7037337057728097,1829.8099999999977
AF-Q8YI64-F1-model_v4,ssalign,1000,78,922,0.892936084598699,823.2870700000004,922,1.5905965292841646,1466.5299999999997
AF-Q8YI64-F1-model_v4,ssalign_prefilter_2000,2000,162,1838,0.8455758922742105,1554.1684899999989,1838,1.6497878128400458,3032.310000000004
AF-Q8YI64-F1-model_v4,foldseek_except_ssalign,844,77,767,0.7670624511082141,588.3369000000002,767,1.7596479791395025,1349.6499999999985
AF-Q8YI64-F1-model_v4,ssalign_except_foldseek,666,51,615,0.8933068943089438,549.3837400000004,615,1.6038536585365855,986.37
AF-Q8YI64-F1-model_v4,foldseek_except_ssalign_prefilter_2000,538,49,489,0.736129979550103,359.96756000000033,489,1.8044989775051103,882.399999999999
AF-Q8YI64-F1-model_v4,ssalign_prefilter_2000_except_foldseek,1360,107,1253,0.8468906863527546,1061.1540300000015,1253,1.6639265762170787,2084.8999999999996
AF-Q8NID9-F1-model_v4,foldseek,1177,66,1111,0.6760737173717364,751.1178999999992,1111,2.6017551755175505,2890.549999999999
AF-Q8NID9-F1-model_v4,ssalign,1000,29,971,0.680667054582904,660.9277099999998,971,2.371668383110203,2302.8900000000067
AF-Q8NID9-F1-model_v4,ssalign_prefilter_2000,2000,93,1907,0.6475638070267419,1234.9041799999968,1907,2.3668799160985814,4513.639999999995
AF-Q8NID9-F1-model_v4,foldseek_except_ssalign,692,54,638,0.6516499059561129,415.75264000000004,638,2.6240909090909095,1674.1700000000003
AF-Q8NID9-F1-model_v4,ssalign_except_foldseek,515,17,498,0.6633908433734946,330.3686400000003,498,2.181746987951808,1086.5100000000002
AF-Q8NID9-F1-model_v4,foldseek_except_ssalign_prefilter_2000,524,45,479,0.6427536116910229,307.87897999999996,479,2.6389979123173277,1264.08
AF-Q8NID9-F1-model_v4,ssalign_prefilter_2000_except_foldseek,1347,72,1275,0.6209139294117646,791.6652599999999,1275,2.2644470588235266,2887.1699999999964
AF-Q91048-F1-model_v4,foldseek,1172,102,1070,0.22195531775700927,237.49218999999994,1070,6.523074766355139,6979.689999999999
AF-Q91048-F1-model_v4,ssalign,1000,70,930,0.3055396129032258,284.15184,930,6.25576344086022,5817.860000000005
AF-Q91048-F1-model_v4,ssalign_prefilter_2000,2000,143,1857,0.2684623263327948,498.53454,1857,6.577135164243394,12213.739999999983
AF-Q91048-F1-model_v4,foldseek_except_ssalign,1057,93,964,0.20766407676348578,200.1881700000003,964,6.553599585062238,6317.669999999997
AF-Q91048-F1-model_v4,ssalign_except_foldseek,885,61,824,0.2966122572815535,244.40850000000006,824,6.257087378640777,5155.84
AF-Q91048-F1-model_v4,foldseek_except_ssalign_prefilter_2000,948,82,866,0.20368564665127042,176.39177000000018,866,6.448845265588912,5584.699999999998
AF-Q91048-F1-model_v4,ssalign_prefilter_2000_except_foldseek,1776,123,1653,0.2646304416212945,437.43411999999984,1653,6.544918330308526,10818.749999999995
AF-C4XS37-F1-model_v4,foldseek,1175,106,1069,0.5463999345182414,584.1015300000001,1069,4.043676333021519,4322.690000000004
AF-C4XS37-F1-model_v4,ssalign,1000,62,938,0.6418782942430704,602.08184,938,4.248294243070364,3984.900000000002
AF-C4XS37-F1-model_v4,ssalign_prefilter_2000,2000,161,1839,0.5745958401305057,1056.68175,1839,4.168042414355634,7665.030000000012
AF-C4XS37-F1-model_v4,foldseek_except_ssalign,999,96,903,0.5266669324473969,475.5802399999994,903,4.014507198228128,3625.1
AF-C4XS37-F1-model_v4,ssalign_except_foldseek,824,52,772,0.6379782124352329,492.5191799999998,772,4.258173575129534,3287.310000000001
AF-C4XS37-F1-model_v4,foldseek_except_ssalign_prefilter_2000,842,77,765,0.5172607712418296,395.7044899999996,765,4.049607843137254,3097.9499999999994
AF-C4XS37-F1-model_v4,ssalign_prefilter_2000_except_foldseek,1667,132,1535,0.5656577915309445,868.2847099999999,1535,4.19562866449512,6440.29000000001
AF-Q9KVY5-F1-model_v4,foldseek,1178,110,1068,0.7175123595505621,766.3032000000004,1068,3.443455056179776,3677.610000000001
AF-Q9KVY5-F1-model_v4,ssalign,1000,86,914,0.8170132822757104,746.7501399999993,914,3.4092450765864353,3116.050000000002
AF-Q9KVY5-F1-model_v4,ssalign_prefilter_2000,2000,192,1808,0.7644145353982305,1382.0614800000008,1808,3.580940265486727,6474.340000000002
AF-Q9KVY5-F1-model_v4,foldseek_except_ssalign,823,85,738,0.6764901355013547,499.2497199999998,738,3.4619512195121978,2554.920000000002
AF-Q9KVY5-F1-model_v4,ssalign_except_foldseek,645,61,584,0.8155682876712326,476.2918799999998,584,3.4132876712328786,1993.360000000001
AF-Q9KVY5-F1-model_v4,foldseek_except_ssalign_prefilter_2000,514,49,465,0.6260656559139783,291.1205299999999,465,3.3169677419354815,1542.389999999999
AF-Q9KVY5-F1-model_v4,ssalign_prefilter_2000_except_foldseek,1336,131,1205,0.7525965228215771,906.8788100000004,1205,3.6009294605809137,4339.120000000001
AF-Q4WHP6-F1-model_v4,foldseek,1053,68,985,0.2943886802030451,289.9728499999994,985,3.966832487309644,3907.329999999999
AF-Q4WHP6-F1-model_v4,ssalign,1000,61,939,0.41412296059637943,388.8614600000003,939,5.209243876464324,4891.4800000000005
AF-Q4WHP6-F1-model_v4,ssalign_prefilter_2000,2000,117,1883,0.3015503611258626,567.8193299999992,1883,5.400987785448748,10170.059999999992
AF-Q4WHP6-F1-model_v4,foldseek_except_ssalign,878,59,819,0.2267982905982904,185.74779999999984,819,3.8447863247863294,3148.8800000000037
AF-Q4WHP6-F1-model_v4,ssalign_except_foldseek,825,52,773,0.3565959249676588,275.64865000000026,773,5.346739974126777,4133.029999999999
AF-Q4WHP6-F1-model_v4,foldseek_except_ssalign_prefilter_2000,873,59,814,0.22662296068796045,184.4710899999998,814,3.8470884520884563,3131.5300000000034
AF-Q4WHP6-F1-model_v4,ssalign_prefilter_2000_except_foldseek,1820,108,1712,0.27004530957943906,462.3175699999997,1712,5.487301401869159,9394.26
AF-B0RU60-F1-model_v4,foldseek,1178,72,1106,0.8454664918625674,935.0859399999995,1106,1.5068173598553356,1666.540000000001
AF-B0RU60-F1-model_v4,ssalign,1000,58,942,0.8766105307855622,825.7671199999995,942,1.3757112526539264,1295.9199999999987
AF-B0RU60-F1-model_v4,ssalign_prefilter_2000,2000,145,1855,0.7992725606468998,1482.650599999999,1855,1.5037628032345023,2789.480000000002
AF-B0RU60-F1-model_v4,foldseek_except_ssalign,512,33,479,0.7940026304801666,380.3272599999998,479,1.6775365344467645,803.5400000000002
AF-B0RU60-F1-model_v4,ssalign_except_foldseek,334,19,315,0.875634412698413,275.8248400000001,315,1.3743492063492067,432.9200000000001
AF-B0RU60-F1-model_v4,foldseek_except_ssalign_prefilter_2000,260,17,243,0.7734710288065848,187.95346000000012,243,1.8353086419753089,445.9800000000001
AF-B0RU60-F1-model_v4,ssalign_prefilter_2000_except_foldseek,1082,90,992,0.7414497177419364,735.5181200000009,992,1.5815725806451588,1568.9199999999976
AF-A9NBA5-F1-model_v4,foldseek,1134,112,1022,0.6629571917808218,677.5422499999999,1022,3.4351174168297405,3510.6899999999946
AF-A9NBA5-F1-model_v4,ssalign,1000,100,900,0.7712671555555551,694.1404399999997,900,3.1447888888888897,2830.310000000001
AF-A9NBA5-F1-model_v4,ssalign_prefilter_2000,2000,172,1828,0.6927032056892786,1266.2614600000013,1828,3.439327133479214,6287.090000000003
AF-A9NBA5-F1-model_v4,foldseek_except_ssalign,553,55,498,0.5381208232931727,267.98417,498,3.8478915662650586,1916.249999999999
AF-A9NBA5-F1-model_v4,ssalign_except_foldseek,419,43,376,0.7423798138297867,279.1348099999998,376,3.286888297872339,1235.8699999999994
AF-A9NBA5-F1-model_v4,foldseek_except_ssalign_prefilter_2000,331,34,297,0.4246748148148149,126.12842000000002,297,3.790808080808082,1125.8700000000003
AF-A9NBA5-F1-model_v4,ssalign_prefilter_2000_except_foldseek,1197,94,1103,0.6480939528558468,714.8476299999991,1103,3.5378694469628305,3902.270000000002
AF-Q7CRB2-F1-model_v4,foldseek,1178,94,1084,0.8475314391143899,918.7240799999986,1084,2.147924354243544,2328.3500000000017
AF-Q7CRB2-F1-model_v4,ssalign,1000,77,923,0.9076250920910084,837.7379600000007,923,1.9361430119176632,1787.0600000000031
AF-Q7CRB2-F1-model_v4,ssalign_prefilter_2000,2000,162,1838,0.8350416811751888,1534.8066099999971,1838,2.120043525571272,3896.639999999998
AF-Q7CRB2-F1-model_v4,foldseek_except_ssalign,587,49,538,0.7803847211895903,419.84697999999963,538,2.396078066914501,1289.0900000000017
AF-Q7CRB2-F1-model_v4,ssalign_except_foldseek,409,32,377,0.902100848806366,340.09202,377,1.9835543766578247,747.8
AF-Q7CRB2-F1-model_v4,foldseek_except_ssalign_prefilter_2000,197,18,179,0.7337082681564245,131.33378,179,2.6086592178770944,466.9499999999999
AF-Q7CRB2-F1-model_v4,ssalign_prefilter_2000_except_foldseek,1019,86,933,0.8010892926045022,747.4163100000006,933,2.1813933547695616,2035.2400000000011
AF-Q24UT5-F1-model_v4,foldseek,1178,82,1096,0.8239563777372254,903.056189999999,1096,2.112454379562045,2315.2500000000014
AF-Q24UT5-F1-model_v4,ssalign,1000,71,929,0.8502061786867606,789.8415400000006,929,1.7671689989235728,1641.6999999999991
AF-Q24UT5-F1-model_v4,ssalign_prefilter_2000,2000,146,1854,0.8351063052858658,1548.2870899999953,1854,2.007723840345204,3722.320000000008
AF-Q24UT5-F1-model_v4,foldseek_except_ssalign,762,51,711,0.7990969479606191,568.1579300000002,711,2.305822784810126,1639.4399999999996
AF-Q24UT5-F1-model_v4,ssalign_except_foldseek,584,40,544,0.8490564705882355,461.88672000000014,544,1.7755330882352942,965.8900000000001
AF-Q24UT5-F1-model_v4,foldseek_except_ssalign_prefilter_2000,443,28,415,0.7873196867469875,326.7376699999998,415,2.3634698795180737,980.8400000000006
AF-Q24UT5-F1-model_v4,ssalign_prefilter_2000_except_foldseek,1265,92,1173,0.8286177067348679,971.96857,1173,2.0357289002557533,2387.9099999999985
AF-Q74IB5-F1-model_v4,foldseek,1178,108,1070,0.825481504672897,883.2652099999998,1070,1.948663551401867,2085.069999999998
AF-Q74IB5-F1-model_v4,ssalign,1000,98,902,0.9124053436807097,822.9896200000002,902,1.6093791574279404,1451.6600000000021
AF-Q74IB5-F1-model_v4,ssalign_prefilter_2000,2000,188,1812,0.8673714955849883,1571.6771499999988,1812,1.7593874172185422,3188.0099999999984
AF-Q74IB5-F1-model_v4,foldseek_except_ssalign,799,73,726,0.7860222314049592,570.6521400000004,726,2.096804407713496,1522.279999999998
AF-Q74IB5-F1-model_v4,ssalign_except_foldseek,621,63,558,0.9130524731182792,509.4832799999998,558,1.5929569892473119,888.87
AF-Q74IB5-F1-model_v4,foldseek_except_ssalign_prefilter_2000,486,51,435,0.7552010574712635,328.51245999999963,435,2.2471954022988516,977.5300000000004
AF-Q74IB5-F1-model_v4,ssalign_prefilter_2000_except_foldseek,1308,131,1177,0.8639969413763803,1016.9243999999997,1177,1.7676040781648246,2080.4699999999984
AF-Q2K6C3-F1-model_v4,foldseek,1178,104,1074,0.791821638733705,850.4164399999992,1074,1.7167504655493493,1843.790000000001
AF-Q2K6C3-F1-model_v4,ssalign,1000,81,919,0.8868628618063111,815.0269699999999,919,1.6104896626768228,1480.0400000000002
AF-Q2K6C3-F1-model_v4,ssalign_prefilter_2000,2000,156,1844,0.8371972071583531,1543.791650000003,1844,1.6607809110629088,3062.4800000000037
AF-Q2K6C3-F1-model_v4,foldseek_except_ssalign,840,73,767,0.7675809778357229,588.7346099999994,767,1.7675097783572364,1355.6800000000003
AF-Q2K6C3-F1-model_v4,ssalign_except_foldseek,662,50,612,0.8878054084967311,543.3369099999994,612,1.620800653594771,991.9299999999998
AF-Q2K6C3-F1-model_v4,foldseek_except_ssalign_prefilter_2000,534,53,481,0.7421959459459464,356.9962500000002,481,1.8239708939708932,877.3299999999996
AF-Q2K6C3-F1-model_v4,ssalign_prefilter_2000_except_foldseek,1356,105,1251,0.8396254676258998,1050.3714600000008,1251,1.6754756195043965,2096.02
AF-A1UT47-F1-model_v4,foldseek,1178,113,1065,0.6969613051643189,742.2637899999996,1065,1.624788732394367,1730.400000000001
AF-A1UT47-F1-model_v4,ssalign,1000,80,920,0.8425662717391302,775.1609699999998,920,1.4466847826086966,1330.950000000001
AF-A1UT47-F1-model_v4,ssalign_prefilter_2000,2000,197,1803,0.6753797448696623,1217.7096800000013,1803,1.7450693288962846,3146.360000000001
AF-A1UT47-F1-model_v4,foldseek_except_ssalign,484,57,427,0.5654199531615927,241.43432000000007,427,1.9759016393442612,843.7099999999996
AF-A1UT47-F1-model_v4,ssalign_except_foldseek,306,24,282,0.8110755673758867,228.72331000000005,282,1.5753900709219872,444.2600000000004
AF-A1UT47-F1-model_v4,foldseek_except_ssalign_prefilter_2000,165,16,149,0.5659112080536911,84.32076999999998,149,2.513557046979867,374.5200000000002
AF-A1UT47-F1-model_v4,ssalign_prefilter_2000_except_foldseek,987,100,887,0.6310785343855685,559.7666599999992,887,2.018579481397974,1790.4800000000027
AF-P59076-F1-model_v4,foldseek,1178,100,1078,0.6653216048237484,717.2166900000008,1078,2.7769294990723594,2993.5300000000034
AF-P59076-F1-model_v4,ssalign,1000,90,910,0.7610378791208795,692.5444700000004,910,2.751263736263738,2503.650000000002
AF-P59076-F1-model_v4,ssalign_prefilter_2000,2000,182,1818,0.7163216886688674,1302.2728300000008,1818,3.0054840484048357,5463.969999999991
AF-P59076-F1-model_v4,foldseek_except_ssalign,956,79,877,0.6422432383124289,563.2473200000002,877,2.8343785632839262,2485.750000000003
AF-P59076-F1-model_v4,ssalign_except_foldseek,778,69,709,0.7487752468265163,530.88165,709,2.815049365303247,1995.870000000002
AF-P59076-F1-model_v4,foldseek_except_ssalign_prefilter_2000,819,69,750,0.6267173200000002,470.0379900000002,750,2.8412266666666715,2130.9200000000037
AF-P59076-F1-model_v4,ssalign_prefilter_2000_except_foldseek,1641,151,1490,0.7081168657718125,1055.0941300000006,1490,3.0881610738255008,4601.359999999996
AF-Q5R4W9-F1-model_v4,foldseek,1178,90,1088,0.7723518749999996,840.3188399999996,1088,2.086240808823529,2269.83
AF-Q5R4W9-F1-model_v4,ssalign,1000,70,930,0.7954945376344088,739.8099200000001,930,1.9299999999999988,1794.899999999999
AF-Q5R4W9-F1-model_v4,ssalign_prefilter_2000,2000,127,1873,0.8045724666310723,1506.9642299999985,1873,1.968713294180461,3687.4000000000037
AF-Q5R4W9-F1-model_v4,foldseek_except_ssalign,1124,84,1040,0.7697075961538459,800.4958999999997,1040,2.0952403846153853,2179.0500000000006
AF-Q5R4W9-F1-model_v4,ssalign_except_foldseek,946,64,882,0.7954224149659865,701.5625700000002,882,1.9321088435374147,1704.12
AF-Q5R4W9-F1-model_v4,foldseek_except_ssalign_prefilter_2000,1070,79,991,0.7669981634712408,760.0951799999997,991,2.0995862764883952,2080.6899999999996
AF-Q5R4W9-F1-model_v4,ssalign_prefilter_2000_except_foldseek,1892,116,1776,0.8033449155405398,1426.7405699999986,1776,1.9697409909909929,3498.2600000000034
AF-B4UES6-F1-model_v4,foldseek,1172,104,1068,0.5961077059925093,636.64303,1068,3.8567509363295884,4119.01
AF-B4UES6-F1-model_v4,ssalign,1000,45,955,0.660183821989529,630.4755500000001,955,3.644010471204184,3480.0299999999957
AF-B4UES6-F1-model_v4,ssalign_prefilter_2000,2000,104,1896,0.6188205010548523,1173.28367,1896,3.744367088607589,7099.319999999989
AF-B4UES6-F1-model_v4,foldseek_except_ssalign,972,94,878,0.5847975056947613,513.4522100000004,878,3.898940774487472,3423.2700000000004
AF-B4UES6-F1-model_v4,ssalign_except_foldseek,800,35,765,0.6597166013071891,504.6831999999997,765,3.6395947712418284,2784.2899999999986
AF-B4UES6-F1-model_v4,foldseek_except_ssalign_prefilter_2000,827,82,745,0.5799551275167789,432.0665700000003,745,3.925208053691276,2924.2800000000007
AF-B4UES6-F1-model_v4,ssalign_prefilter_2000_except_foldseek,1655,82,1573,0.6158342085187536,968.7072099999993,1573,3.7537126509853773,5904.589999999998
AF-Q21DG1-F1-model_v4,foldseek,1178,111,1067,0.7399476569821933,789.5241500000003,1067,3.025632614807877,3228.3500000000045
AF-Q21DG1-F1-model_v4,ssalign,1000,95,905,0.8424515359116012,762.4186399999991,905,3.003944751381214,2718.5699999999983
AF-Q21DG1-F1-model_v4,ssalign_prefilter_2000,2000,193,1807,0.7856984117321524,1419.7570299999993,1807,3.1431543995572753,5679.679999999997
AF-Q21DG1-F1-model_v4,foldseek_except_ssalign,831,88,743,0.6975186137281291,518.2563299999999,743,3.0422880215343246,2260.4200000000033
AF-Q21DG1-F1-model_v4,ssalign_except_foldseek,653,72,581,0.8386902409638546,487.2790299999995,581,3.0131497418244386,1750.639999999999
AF-Q21DG1-F1-model_v4,foldseek_except_ssalign_prefilter_2000,518,49,469,0.6422754371002128,301.2271799999998,469,2.926503198294244,1372.5300000000004
AF-Q21DG1-F1-model_v4,ssalign_prefilter_2000_except_foldseek,1340,131,1209,0.7704384284532682,931.4600600000011,1209,3.162828784119106,3823.859999999999
AF-O18087-F1-model_v4,foldseek,1134,82,1052,0.46528894486691996,489.4839699999998,1052,3.721863117870728,3915.400000000006
AF-O18087-F1-model_v4,ssalign,1000,55,945,0.4790927936507938,452.74269000000015,945,3.6259894179894188,3426.560000000001
AF-O18087-F1-model_v4,ssalign_prefilter_2000,2000,114,1886,0.47445494167550406,894.8220200000006,1886,3.7554665959703057,7082.809999999997
AF-O18087-F1-model_v4,foldseek_except_ssalign,928,72,856,0.4452533644859809,381.1368799999997,856,3.779521028037384,3235.2700000000004
AF-O18087-F1-model_v4,ssalign_except_foldseek,794,45,749,0.4669660614152212,349.75758000000064,749,3.666795727636848,2746.4299999999994
AF-O18087-F1-model_v4,foldseek_except_ssalign_prefilter_2000,811,64,747,0.44140809906291806,329.7318499999998,747,3.787710843373492,2829.4199999999987
AF-O18087-F1-model_v4,ssalign_prefilter_2000_except_foldseek,1677,96,1581,0.46493984819734335,735.0698999999998,1581,3.7930613535736835,5996.829999999994
AF-B2U7R6-F1-model_v4,foldseek,1178,107,1071,0.7299252194211028,781.749910000001,1071,1.9318020541549958,2068.9600000000005
AF-B2U7R6-F1-model_v4,ssalign,1000,98,902,0.8668741130820409,781.9204500000009,902,2.1079046563192927,1901.3300000000022
AF-B2U7R6-F1-model_v4,ssalign_prefilter_2000,2000,192,1808,0.6987402820796461,1263.3224300000002,1808,2.0516869469026577,3709.450000000005
AF-B2U7R6-F1-model_v4,foldseek_except_ssalign,550,53,497,0.5838809456740436,290.18882999999965,497,1.8068209255533219,897.9900000000009
AF-B2U7R6-F1-model_v4,ssalign_except_foldseek,372,44,328,0.8326132317073166,273.09713999999985,328,2.226707317073172,730.3600000000004
AF-B2U7R6-F1-model_v4,foldseek_except_ssalign_prefilter_2000,147,12,135,0.5351863703703703,72.25016,135,2.028,273.78000000000003
AF-B2U7R6-F1-model_v4,ssalign_prefilter_2000_except_foldseek,969,97,872,0.6351177522935788,553.8226800000007,872,2.19526376146789,1914.27
AF-O29003-F1-model_v4,foldseek,1178,79,1099,0.7781481983621468,855.1848699999993,1099,1.7992720655141037,1977.3999999999999
AF-O29003-F1-model_v4,ssalign,1000,61,939,0.8368381682641108,785.7910400000001,939,1.6230351437699693,1524.030000000001
AF-O29003-F1-model_v4,ssalign_prefilter_2000,2000,136,1864,0.7671387768240351,1429.9466800000014,1864,2.067687768240344,3854.1700000000014
AF-O29003-F1-model_v4,foldseek_except_ssalign,518,28,490,0.7044983265306133,345.2041800000005,490,2.3369795918367338,1145.1199999999994
AF-O29003-F1-model_v4,ssalign_except_foldseek,340,10,330,0.7830161515151514,258.39532999999994,330,2.096212121212119,691.7499999999992
AF-O29003-F1-model_v4,foldseek_except_ssalign_prefilter_2000,376,20,356,0.7014119943820225,249.70267,356,2.4456460674157308,870.6500000000001
AF-O29003-F1-model_v4,ssalign_prefilter_2000_except_foldseek,1198,77,1121,0.7354723282783232,824.4644800000003,1121,2.450865298840321,2747.4199999999996
AF-Q5RKL7-F1-model_v4,foldseek,1109,92,1017,0.6623247885939035,673.5843099999998,1017,3.510314650934119,3569.9899999999993
AF-Q5RKL7-F1-model_v4,ssalign,1000,40,960,0.6968347499999994,668.9613599999994,960,3.2001041666666645,3072.099999999998
AF-Q5RKL7-F1-model_v4,ssalign_prefilter_2000,2000,95,1905,0.6740509291338583,1284.0670200000002,1905,3.2796272965879227,6247.689999999993
AF-Q5RKL7-F1-model_v4,foldseek_except_ssalign,1082,91,991,0.661224974772956,655.2739499999994,991,3.5184561049444985,3486.789999999998
AF-Q5RKL7-F1-model_v4,ssalign_except_foldseek,973,39,934,0.6965172483940038,650.5471099999995,934,3.200107066381154,2988.899999999998
AF-Q5RKL7-F1-model_v4,foldseek_except_ssalign_prefilter_2000,1066,90,976,0.6610139651639342,645.1496299999998,976,3.517571721311472,3433.149999999997
AF-Q5RKL7-F1-model_v4,ssalign_prefilter_2000_except_foldseek,1957,93,1864,0.6736225,1255.63234,1864,3.278353004291843,6110.849999999995
AF-Q8MX31-F1-model_v4,foldseek,1165,85,1080,0.6878600462962967,742.8888500000005,1080,2.5567314814814837,2761.2700000000023
AF-Q8MX31-F1-model_v4,ssalign,1000,57,943,0.7469649204665956,704.3879199999997,943,2.373170731707317,2237.9
AF-Q8MX31-F1-model_v4,ssalign_prefilter_2000,2000,111,1889,0.6855067019587091,1294.9221600000014,1889,2.4135521439915335,4559.200000000007
AF-Q8MX31-F1-model_v4,foldseek_except_ssalign,878,62,816,0.663903541666667,541.7452900000003,816,2.6594485294117622,2170.109999999998
AF-Q8MX31-F1-model_v4,ssalign_except_foldseek,713,34,679,0.734343019145803,498.61891000000026,679,2.4252430044182605,1646.7399999999989
AF-Q8MX31-F1-model_v4,foldseek_except_ssalign_prefilter_2000,709,54,655,0.6491987938931296,425.2252099999999,655,2.7519083969465647,1802.4999999999998
AF-Q8MX31-F1-model_v4,ssalign_prefilter_2000_except_foldseek,1544,80,1464,0.6675263114754096,977.2585199999996,1464,2.4593101092896155,3600.429999999997
AF-B4TPJ8-F1-model_v4,foldseek,1178,88,1090,0.8607297981651368,938.1954799999992,1090,1.9714311926605486,2148.859999999998
AF-B4TPJ8-F1-model_v4,ssalign,1000,60,940,0.9104842446808519,855.8551900000008,940,1.8504680851063815,1739.4399999999987
AF-B4TPJ8-F1-model_v4,ssalign_prefilter_2000,2000,130,1870,0.843897812834224,1578.088909999999,1870,1.891272727272722,3536.6799999999903
AF-B4TPJ8-F1-model_v4,foldseek_except_ssalign,655,55,600,0.8225219166666672,493.51315000000034,600,2.093166666666668,1255.9000000000008
AF-B4TPJ8-F1-model_v4,ssalign_except_foldseek,477,27,450,0.9025093111111119,406.12919000000034,450,1.8810666666666662,846.4799999999998
AF-B4TPJ8-F1-model_v4,foldseek_except_ssalign_prefilter_2000,344,33,311,0.8259321221864956,256.8648900000001,311,2.2914790996784578,712.6500000000003
AF-B4TPJ8-F1-model_v4,ssalign_prefilter_2000_except_foldseek,1166,75,1091,0.8219599633363875,896.7583199999988,1091,1.9252703941338207,2100.4699999999984
AF-Q61616-F1-model_v4,foldseek,1130,66,1064,0.6470144078947372,688.4233300000004,1064,3.5233364661654165,3748.830000000003
AF-Q61616-F1-model_v4,ssalign,1000,65,935,0.7039187379679136,658.1640199999993,935,3.098021390374331,2896.6499999999996
AF-Q61616-F1-model_v4,ssalign_prefilter_2000,2000,124,1876,0.641893544776119,1204.1922899999993,1876,3.142665245202557,5895.639999999997
AF-Q61616-F1-model_v4,foldseek_except_ssalign,792,50,742,0.628074312668464,466.0311400000003,742,3.7260781671159036,2764.7500000000005
AF-Q61616-F1-model_v4,ssalign_except_foldseek,662,49,613,0.6975499510603591,427.5981200000001,613,3.1200163132137035,1912.5700000000002
AF-Q61616-F1-model_v4,foldseek_except_ssalign_prefilter_2000,679,46,633,0.6212312322274886,393.23937000000024,633,3.7969036334913135,2403.4400000000014
AF-Q61616-F1-model_v4,ssalign_prefilter_2000_except_foldseek,1549,104,1445,0.6290715086505204,909.0083300000019,1445,3.1489619377162588,4550.249999999994
AF-E9CY14-F1-model_v4,foldseek,1175,90,1085,0.6987785898617513,758.1747700000002,1085,2.695889400921659,2925.0400000000004
AF-E9CY14-F1-model_v4,ssalign,1000,61,939,0.7663880511182106,719.6383799999998,939,2.6239510117145883,2463.8899999999985
AF-E9CY14-F1-model_v4,ssalign_prefilter_2000,2000,151,1849,0.6834346619794491,1263.6706900000015,1849,2.9192644672796106,5397.72
AF-E9CY14-F1-model_v4,foldseek_except_ssalign,715,62,653,0.6110260336906588,399.00000000000017,653,2.867457886676878,1872.4500000000014
AF-E9CY14-F1-model_v4,ssalign_except_foldseek,540,33,507,0.7221433727810649,366.1266899999999,507,2.783629191321499,1411.3
AF-E9CY14-F1-model_v4,foldseek_except_ssalign_prefilter_2000,599,52,547,0.581533857404022,318.09902,547,2.887349177330897,1579.3800000000006
AF-E9CY14-F1-model_v4,ssalign_prefilter_2000_except_foldseek,1424,113,1311,0.628218871090771,823.5949400000007,1311,3.0908161708619377,4052.0600000000004
AF-Q8BG51-F1-model_v4,foldseek,1178,72,1106,0.4403678571428569,487.0468499999998,1106,3.392938517179024,3752.5900000000006
AF-Q8BG51-F1-model_v4,ssalign,1000,55,945,0.5699148571428577,538.5695400000005,945,3.489185185185182,3297.279999999997
AF-Q8BG51-F1-model_v4,ssalign_prefilter_2000,2000,114,1886,0.3664017338282084,691.033670000001,1886,4.033600212089077,7607.369999999998
AF-Q8BG51-F1-model_v4,foldseek_except_ssalign,699,39,660,0.2889569242424242,190.71156999999997,660,3.5764999999999976,2360.4899999999984
AF-Q8BG51-F1-model_v4,ssalign_except_foldseek,521,22,499,0.44515727454909787,222.13347999999985,499,3.8179959919839677,1905.1799999999998
AF-Q8BG51-F1-model_v4,foldseek_except_ssalign_prefilter_2000,661,39,622,0.28096903536977463,174.76273999999984,622,3.564003215434085,2216.810000000001
AF-Q8BG51-F1-model_v4,ssalign_prefilter_2000_except_foldseek,1483,81,1402,0.27014947218259633,378.74956000000003,1402,4.330663338088447,6071.590000000004
AF-A5CUA8-F1-model_v4,foldseek,1178,67,1111,0.8308559675967603,923.0809800000006,1111,1.5969846984698468,1774.2499999999998
AF-A5CUA8-F1-model_v4,ssalign,1000,70,930,0.8563208494623656,796.3783900000001,930,1.3213763440860233,1228.8800000000017
AF-A5CUA8-F1-model_v4,ssalign_prefilter_2000,2000,106,1894,0.8269047993664187,1566.157689999997,1894,1.4078827877507936,2666.530000000003
AF-A5CUA8-F1-model_v4,foldseek_except_ssalign,856,42,814,0.8277706511056506,673.8053099999996,814,1.6942997542997533,1379.1599999999992
AF-A5CUA8-F1-model_v4,ssalign_except_foldseek,678,45,633,0.8567002369668244,542.2912499999999,633,1.3172037914691956,833.7900000000009
AF-A5CUA8-F1-model_v4,foldseek_except_ssalign_prefilter_2000,563,29,534,0.8218712734082404,438.8792600000004,534,1.7911797752808982,956.4899999999997
AF-A5CUA8-F1-model_v4,ssalign_prefilter_2000_except_foldseek,1385,68,1317,0.8215307289293844,1081.9559699999993,1317,1.4037737281700837,1848.7700000000002
AF-Q8Y040-F1-model_v4,foldseek,1178,83,1095,0.845680146118721,926.0197599999995,1095,2.0447762557077596,2239.0299999999966
AF-Q8Y040-F1-model_v4,ssalign,1000,70,930,0.8786355161290331,817.1310300000008,930,1.9741827956989253,1835.9900000000005
AF-Q8Y040-F1-model_v4,ssalign_prefilter_2000,2000,159,1841,0.8330478489951104,1533.6410899999983,1841,2.0882020640956,3844.379999999999
AF-Q8Y040-F1-model_v4,foldseek_except_ssalign,536,51,485,0.7883839381443308,382.3662100000005,485,2.1892371134020623,1061.7800000000002
AF-Q8Y040-F1-model_v4,ssalign_except_foldseek,358,38,320,0.8616805,275.73776,320,2.0585625000000016,658.7400000000005
AF-Q8Y040-F1-model_v4,foldseek_except_ssalign_prefilter_2000,120,16,104,0.6965298076923072,72.43909999999995,104,2.2816346153846156,237.29000000000005
AF-Q8Y040-F1-model_v4,ssalign_prefilter_2000_except_foldseek,942,92,850,0.8000710941176474,680.0604300000003,850,2.1678117647058808,1842.6399999999987
AF-B6HJU4-F1-model_v4,foldseek,1178,114,1064,0.7275592857142854,774.1230799999996,1064,3.108270676691734,3307.200000000005
AF-B6HJU4-F1-model_v4,ssalign,1000,51,949,0.7826778187565862,742.7612500000002,949,3.024868282402533,2870.600000000004
AF-B6HJU4-F1-model_v4,ssalign_prefilter_2000,2000,119,1881,0.7475773099415214,1406.1929200000018,1881,3.1256353003721404,5879.319999999996
AF-B6HJU4-F1-model_v4,foldseek_except_ssalign,959,104,855,0.7079758596491214,605.3193599999987,855,3.203719298245616,2739.1800000000017
AF-B6HJU4-F1-model_v4,ssalign_except_foldseek,781,41,740,0.7733981756756753,572.3146499999997,740,3.111594594594595,2302.5800000000004
AF-B6HJU4-F1-model_v4,foldseek_except_ssalign_prefilter_2000,878,102,776,0.7032223453608231,545.7005399999987,776,3.2262628865979397,2503.5800000000013
AF-B6HJU4-F1-model_v4,ssalign_prefilter_2000_except_foldseek,1700,107,1593,0.7393411048336473,1177.7703800000002,1593,3.186252354048962,5075.699999999996
AF-A4L9J0-F1-model_v4,foldseek,1178,73,1105,0.7921086244343889,875.2800299999998,1105,2.066524886877829,2283.510000000001
AF-A4L9J0-F1-model_v4,ssalign,1000,60,940,0.7892430638297866,741.8884799999994,940,2.0225212765957465,1901.1700000000017
AF-A4L9J0-F1-model_v4,ssalign_prefilter_2000,2000,121,1879,0.7856560830228848,1476.2477800000006,1879,2.1750558807876534,4086.9300000000007
AF-A4L9J0-F1-model_v4,foldseek_except_ssalign,767,49,718,0.7796276183844002,559.7726299999994,718,2.190292479108637,1572.6300000000015
AF-A4L9J0-F1-model_v4,ssalign_except_foldseek,589,36,553,0.7704318625678126,426.0488200000004,553,2.152423146473781,1190.2900000000009
AF-A4L9J0-F1-model_v4,foldseek_except_ssalign_prefilter_2000,576,39,537,0.7800474674115453,418.88548999999983,537,2.209944134078214,1186.740000000001
AF-A4L9J0-F1-model_v4,ssalign_prefilter_2000_except_foldseek,1398,87,1311,0.7779200915331812,1019.8532400000005,1311,2.2808237986270035,2990.1600000000017
AF-B3CM71-F1-model_v4,foldseek,1178,107,1071,0.8714338562091504,933.3056600000001,1071,1.6372829131652649,1753.5299999999986
AF-B3CM71-F1-model_v4,ssalign,1000,81,919,0.9241024483133833,849.2501499999993,919,1.4736343852013045,1354.2699999999988
AF-B3CM71-F1-model_v4,ssalign_prefilter_2000,2000,186,1814,0.883667166482911,1602.9722400000005,1814,1.6017530319735358,2905.579999999994
AF-B3CM71-F1-model_v4,foldseek_except_ssalign,655,67,588,0.830323962585034,488.23049000000003,588,1.778639455782314,1045.8400000000006
AF-B3CM71-F1-model_v4,ssalign_except_foldseek,477,41,436,0.9266078440366975,404.0010200000001,436,1.482981651376144,646.5799999999988
AF-B3CM71-F1-model_v4,foldseek_except_ssalign_prefilter_2000,264,27,237,0.8178689873417722,193.83495,237,2.0667088607594932,489.80999999999995
AF-B3CM71-F1-model_v4,ssalign_prefilter_2000_except_foldseek,1086,106,980,0.8811240102040813,863.5015299999997,980,1.675367346938773,1641.8599999999976
AF-O42847-F1-model_v4,foldseek,1178,84,1094,0.6306453290676417,689.9259900000001,1094,2.1679524680073134,2371.7400000000007
AF-O42847-F1-model_v4,ssalign,1000,63,937,0.5682869903948773,532.48491,937,1.9185805763073667,1797.7100000000025
AF-O42847-F1-model_v4,ssalign_prefilter_2000,2000,118,1882,0.6204273379383634,1167.6442499999998,1882,2.10192879914984,3955.8299999999995
AF-O42847-F1-model_v4,foldseek_except_ssalign,1029,77,952,0.6160665231092437,586.49533,952,2.251911764705884,2143.8200000000015
AF-O42847-F1-model_v4,ssalign_except_foldseek,851,56,795,0.5588061006289307,444.2508499999999,795,1.9745786163522001,1569.789999999999
AF-O42847-F1-model_v4,foldseek_except_ssalign_prefilter_2000,1023,77,946,0.6155208350951372,582.2827099999998,946,2.2571353065539133,2135.250000000002
AF-O42847-F1-model_v4,ssalign_prefilter_2000_except_foldseek,1845,111,1734,0.6113039042675888,1060.0009699999991,1734,2.1449480968858103,3719.339999999995
AF-C0R5D1-F1-model_v4,foldseek,1176,107,1069,0.7274897567820399,777.6865500000006,1069,2.4896258185219793,2661.4099999999958
AF-C0R5D1-F1-model_v4,ssalign,1000,95,905,0.8176783535911609,739.9989100000006,905,2.388364640883981,2161.470000000003
AF-C0R5D1-F1-model_v4,ssalign_prefilter_2000,2000,186,1814,0.6727953307607514,1220.450730000003,1814,2.591719955898567,4701.38
AF-C0R5D1-F1-model_v4,foldseek_except_ssalign,426,38,388,0.6032508762886596,234.06133999999992,388,2.644278350515464,1025.98
AF-C0R5D1-F1-model_v4,ssalign_except_foldseek,250,26,224,0.8099714732142862,181.4336100000001,224,2.3483928571428576,526.0400000000001
AF-C0R5D1-F1-model_v4,foldseek_except_ssalign_prefilter_2000,193,15,178,0.5882335955056177,104.70557999999996,178,2.708258426966292,482.07
AF-C0R5D1-F1-model_v4,ssalign_prefilter_2000_except_foldseek,1017,94,923,0.5931416684723724,547.4697599999997,923,2.7324377031419282,2522.04
AF-F4JEP5-F1-model_v4,foldseek,1154,88,1066,0.66064296435272,704.2453999999994,1066,3.867148217636024,4122.380000000002
AF-F4JEP5-F1-model_v4,ssalign,1000,81,919,0.7116459303590864,654.0026100000005,919,3.9407072905331915,3621.510000000003
AF-F4JEP5-F1-model_v4,ssalign_prefilter_2000,2000,152,1848,0.666620432900435,1231.914560000004,1848,4.036731601731604,7459.880000000004
AF-F4JEP5-F1-model_v4,foldseek_except_ssalign,736,53,683,0.6075881405563688,414.98269999999985,683,3.878081991215226,2648.729999999999
AF-F4JEP5-F1-model_v4,ssalign_except_foldseek,582,46,536,0.6883017910447755,368.92975999999965,536,4.007201492537314,2147.8600000000006
AF-F4JEP5-F1-model_v4,foldseek_except_ssalign_prefilter_2000,525,39,486,0.5720599794238684,278.02115000000003,486,3.7696913580246876,1832.0699999999981
AF-F4JEP5-F1-model_v4,ssalign_prefilter_2000_except_foldseek,1371,103,1268,0.6354024526813886,805.6903100000007,1268,4.076947949526817,5169.570000000004
AF-Q2JXF6-F1-model_v4,foldseek,1178,108,1070,0.7212126728971965,771.6975600000003,1070,2.9865700934579453,3195.6300000000015
AF-Q2JXF6-F1-model_v4,ssalign,1000,68,932,0.8281726716738184,771.8569299999987,932,3.0082939914163105,2803.7300000000014
AF-Q2JXF6-F1-model_v4,ssalign_prefilter_2000,2000,145,1855,0.7212134932614548,1337.8510299999987,1855,3.136792452830189,5818.750000000001
AF-Q2JXF6-F1-model_v4,foldseek_except_ssalign,881,83,798,0.6906133583959906,551.1094600000005,798,2.9812656641603996,2379.049999999999
AF-Q2JXF6-F1-model_v4,ssalign_except_foldseek,703,43,660,0.8196416818181818,540.9635099999999,660,3.0108333333333346,1987.1500000000008
AF-Q2JXF6-F1-model_v4,foldseek_except_ssalign_prefilter_2000,577,62,515,0.651325805825243,335.4327900000002,515,2.9866990291262154,1538.150000000001
AF-Q2JXF6-F1-model_v4,ssalign_prefilter_2000_except_foldseek,1399,99,1300,0.6935278923076924,901.5862600000002,1300,3.200976923076924,4161.270000000001
AF-A4HW65-F1-model_v4,foldseek,1178,109,1069,0.6995763985032737,747.8471699999996,1069,2.5725537885874665,2750.0600000000018
AF-A4HW65-F1-model_v4,ssalign,1000,81,919,0.8186736452665945,752.3610800000004,919,2.782165397170838,2556.81
AF-A4HW65-F1-model_v4,ssalign_prefilter_2000,2000,188,1812,0.7300227869757159,1322.8012899999972,1812,2.7438134657836626,4971.789999999996
AF-A4HW65-F1-model_v4,foldseek_except_ssalign,861,86,775,0.6583237677419358,510.2009200000003,775,2.5725677419354858,1993.7400000000014
AF-A4HW65-F1-model_v4,ssalign_except_foldseek,683,58,625,0.8027997280000005,501.7498300000003,625,2.880784,1800.4899999999998
AF-A4HW65-F1-model_v4,foldseek_except_ssalign_prefilter_2000,610,61,549,0.6102552641165756,335.03014,549,2.562058287795992,1406.5699999999995
AF-A4HW65-F1-model_v4,ssalign_prefilter_2000_except_foldseek,1432,140,1292,0.7043221826625381,909.9842599999992,1292,2.8082817337461297,3628.2999999999997
AF-Q0D0X6-F1-model_v4,foldseek,1178,66,1112,0.5896271312949642,655.6653700000003,1112,2.5793165467625867,2868.199999999996
AF-Q0D0X6-F1-model_v4,ssalign,1000,64,936,0.627369391025641,587.21775,936,2.6477457264957303,2478.2900000000036
AF-Q0D0X6-F1-model_v4,ssalign_prefilter_2000,2000,125,1875,0.5812455839999993,1089.8354699999986,1875,2.476768000000001,4643.940000000002
AF-Q0D0X6-F1-model_v4,foldseek_except_ssalign,1051,58,993,0.5783887109768381,574.3399900000002,993,2.5600402819738135,2542.1199999999967
AF-Q0D0X6-F1-model_v4,ssalign_except_foldseek,873,56,817,0.6182715911872706,505.12789000000004,817,2.634283965728278,2152.210000000003
AF-Q0D0X6-F1-model_v4,foldseek_except_ssalign_prefilter_2000,1011,57,954,0.5786036897274636,551.9879200000003,954,2.566247379454923,2448.1999999999966
AF-Q0D0X6-F1-model_v4,ssalign_prefilter_2000_except_foldseek,1833,116,1717,0.5743494583575999,986.158019999999,1717,2.460069889341877,4223.940000000002
AF-Q8GYG1-F1-model_v4,foldseek,1176,79,1097,0.4934582588878756,541.3237099999996,1097,3.4138012762078414,3744.940000000002
AF-Q8GYG1-F1-model_v4,ssalign,1000,74,926,0.513485982721382,475.4880199999998,926,3.5286393088552943,3267.5200000000027
AF-Q8GYG1-F1-model_v4,ssalign_prefilter_2000,2000,132,1868,0.4798412687366174,896.3434900000013,1868,3.486295503211989,6512.399999999996
AF-Q8GYG1-F1-model_v4,foldseek_except_ssalign,701,42,659,0.4788118057663125,315.5369799999999,659,3.3831562974203337,2229.5
AF-Q8GYG1-F1-model_v4,ssalign_except_foldseek,525,37,488,0.5177726844262294,252.6730699999999,488,3.5903278688524574,1752.0799999999992
AF-Q8GYG1-F1-model_v4,foldseek_except_ssalign_prefilter_2000,371,21,350,0.4860356571428574,170.1124800000001,350,3.406342857142856,1192.2199999999996
AF-Q8GYG1-F1-model_v4,ssalign_prefilter_2000_except_foldseek,1195,74,1121,0.46844983050847455,525.13226,1121,3.5322747546833195,3959.680000000001
AF-A7N9U1-F1-model_v4,foldseek,1175,89,1086,0.860540478821364,934.5469600000013,1086,1.518222836095765,1648.7900000000009
AF-A7N9U1-F1-model_v4,ssalign,1000,94,906,0.8969885982339953,812.6716699999998,906,1.3884326710816772,1257.9199999999996
AF-A7N9U1-F1-model_v4,ssalign_prefilter_2000,2000,170,1830,0.8382030000000017,1533.9114900000031,1830,1.602355191256829,2932.309999999997
AF-A7N9U1-F1-model_v4,foldseek_except_ssalign,611,50,561,0.7992817468805703,448.39705999999995,561,1.7936720142602491,1006.2499999999998
AF-A7N9U1-F1-model_v4,ssalign_except_foldseek,436,55,381,0.8715778215223096,332.07114999999993,381,1.6151706036745404,615.3799999999999
AF-A7N9U1-F1-model_v4,foldseek_except_ssalign_prefilter_2000,421,36,385,0.7757500259740261,298.66376,385,1.8926753246753234,728.6799999999995
AF-A7N9U1-F1-model_v4,ssalign_prefilter_2000_except_foldseek,1246,117,1129,0.795419211691762,898.0282899999993,1129,1.7822852081488045,2012.2000000000003
AF-Q8HY24-F1-model_v4,foldseek,1178,102,1076,0.7885789033457242,848.5108999999993,1076,2.8835408921933063,3102.689999999998
AF-Q8HY24-F1-model_v4,ssalign,1000,67,933,0.8296937406216508,774.1042600000002,933,2.700332261521972,2519.41
AF-Q8HY24-F1-model_v4,ssalign_prefilter_2000,2000,134,1866,0.7828567631296885,1460.8107199999988,1866,2.823960342979643,5269.510000000014
AF-Q8HY24-F1-model_v4,foldseek_except_ssalign,733,65,668,0.7655156736526945,511.36446999999987,668,3.0100449101796434,2010.7100000000019
AF-Q8HY24-F1-model_v4,ssalign_except_foldseek,555,30,525,0.8256805904761904,433.4823099999999,525,2.7189142857142863,1427.4300000000003
AF-Q8HY24-F1-model_v4,foldseek_except_ssalign_prefilter_2000,448,46,402,0.7568698009950248,304.26165999999995,402,3.115074626865675,1252.2600000000014
AF-Q8HY24-F1-model_v4,ssalign_prefilter_2000_except_foldseek,1270,78,1192,0.7689274161073831,916.5614800000006,1192,2.8683557046979886,3419.080000000002
AF-Q6UGB2-F1-model_v4,foldseek,1169,68,1101,0.7270401816530423,800.4712399999995,1101,2.7001180744777478,2972.8300000000004
AF-Q6UGB2-F1-model_v4,ssalign,1000,58,942,0.7442644161358815,701.0970800000003,942,2.6212738853503215,2469.240000000003
AF-Q6UGB2-F1-model_v4,ssalign_prefilter_2000,2000,116,1884,0.6803951592356703,1281.864480000003,1884,2.904124203821657,5471.370000000002
AF-Q6UGB2-F1-model_v4,foldseek_except_ssalign,601,37,564,0.6882422695035458,388.16863999999987,564,3.0631737588652515,1727.630000000002
AF-Q6UGB2-F1-model_v4,ssalign_except_foldseek,432,27,405,0.7058219753086422,285.8579000000001,405,3.02232098765432,1224.0399999999995
AF-Q6UGB2-F1-model_v4,foldseek_except_ssalign_prefilter_2000,401,23,378,0.6783075925925919,256.40026999999975,378,3.2127248677248668,1214.4099999999996
AF-Q6UGB2-F1-model_v4,ssalign_prefilter_2000_except_foldseek,1232,71,1161,0.6354810594315236,737.7935099999988,1161,3.1980620155038775,3712.9500000000016
AF-A2C0J7-F1-model_v4,foldseek,1178,94,1084,0.5691007380073804,616.9052000000004,1084,3.876365313653136,4201.98
AF-A2C0J7-F1-model_v4,ssalign,1000,81,919,0.6125111860718179,562.8977800000006,919,3.9993906420021763,3675.44
AF-A2C0J7-F1-model_v4,ssalign_prefilter_2000,2000,167,1833,0.5750952318603373,1054.1495599999982,1833,3.911036552100385,7168.930000000006
AF-A2C0J7-F1-model_v4,foldseek_except_ssalign,577,46,531,0.5306758568738232,281.7888800000001,531,3.747645951035781,1989.9999999999998
AF-A2C0J7-F1-model_v4,ssalign_except_foldseek,399,33,366,0.6096083879781421,223.11667000000003,366,3.9985245901639357,1463.4600000000005
AF-A2C0J7-F1-model_v4,foldseek_except_ssalign_prefilter_2000,138,12,126,0.493467777777778,62.17694000000003,126,3.686428571428572,464.49000000000007
AF-A2C0J7-F1-model_v4,ssalign_prefilter_2000_except_foldseek,960,85,875,0.5707671999999991,499.4212999999993,875,3.921645714285712,3431.4399999999982
AF-P60783-F1-model_v4,foldseek,1178,99,1079,0.8294177571825757,894.9417599999991,1079,1.9743744207599645,2130.3500000000017
AF-P60783-F1-model_v4,ssalign,1000,87,913,0.8652878203723976,790.007779999999,913,1.7948740416210318,1638.720000000002
AF-P60783-F1-model_v4,ssalign_prefilter_2000,2000,157,1843,0.8431588497015744,1553.9417600000015,1843,1.8705914270211588,3447.4999999999955
AF-P60783-F1-model_v4,foldseek_except_ssalign,764,49,715,0.806804671328671,576.8653399999997,715,2.1217062937062954,1517.0200000000013
AF-P60783-F1-model_v4,ssalign_except_foldseek,586,37,549,0.8581055373406195,471.09994000000006,549,1.867741347905283,1025.3900000000003
AF-P60783-F1-model_v4,foldseek_except_ssalign_prefilter_2000,439,34,405,0.7982249135802476,323.2810900000003,405,2.2506666666666666,911.52
AF-P60783-F1-model_v4,ssalign_prefilter_2000_except_foldseek,1261,92,1169,0.8402746706586836,982.2810900000011,1169,1.9064756201881936,2228.6699999999983
AF-Q81CP1-F1-model_v4,foldseek,1175,73,1102,0.8990399455535397,990.7420200000008,1102,1.8973593466424694,2090.8900000000012
AF-Q81CP1-F1-model_v4,ssalign,1000,57,943,0.8930100530222707,842.1084800000012,943,1.8448568398727463,1739.6999999999998
AF-Q81CP1-F1-model_v4,ssalign_prefilter_2000,2000,150,1850,0.8926792486486492,1651.456610000001,1850,1.8921567567567579,3500.490000000002
AF-Q81CP1-F1-model_v4,foldseek_except_ssalign,604,40,564,0.8854096099290782,499.37102000000016,564,1.991400709219858,1123.1499999999999
AF-Q81CP1-F1-model_v4,ssalign_except_foldseek,429,24,405,0.8866704444444443,359.10152999999997,405,1.9060740740740723,771.9599999999992
AF-Q81CP1-F1-model_v4,foldseek_except_ssalign_prefilter_2000,254,16,238,0.8664575630252106,206.21690000000012,238,2.0533193277310935,488.6900000000003
AF-Q81CP1-F1-model_v4,ssalign_prefilter_2000_except_foldseek,1079,93,986,0.8792408620689655,866.9314899999999,986,1.9252434077079086,1898.289999999998
AF-P97720-F1-model_v4,foldseek,1177,76,1101,0.7729985831062672,851.0714400000002,1101,2.9736239782016294,3273.959999999994
AF-P97720-F1-model_v4,ssalign,1000,73,927,0.8081286623516729,749.1352700000008,927,2.590744336569582,2401.6200000000026
AF-P97720-F1-model_v4,ssalign_prefilter_2000,2000,152,1848,0.7583857846320345,1401.4969299999998,1848,2.8325919913419937,5234.630000000005
AF-P97720-F1-model_v4,foldseek_except_ssalign,943,63,880,0.7666248295454547,674.6298500000001,880,3.092022727272727,2720.9799999999996
AF-P97720-F1-model_v4,ssalign_except_foldseek,766,60,706,0.8067076487252128,569.5356000000003,706,2.6184702549575074,1848.64
AF-P97720-F1-model_v4,foldseek_except_ssalign_prefilter_2000,873,60,813,0.7686799630996307,624.9368099999998,813,3.108327183271831,2527.069999999999
AF-P97720-F1-model_v4,ssalign_prefilter_2000_except_foldseek,1696,136,1560,0.7534373717948717,1175.3622999999998,1560,2.8767564102564123,4487.740000000003
AF-Q2J0F2-F1-model_v4,foldseek,1178,78,1100,0.7146231818181804,786.0854999999984,1100,1.9452090909090904,2139.7299999999996
AF-Q2J0F2-F1-model_v4,ssalign,1000,57,943,0.7565464475079551,713.4233000000016,943,1.9501908801696723,1839.030000000001
AF-Q2J0F2-F1-model_v4,ssalign_prefilter_2000,2000,146,1854,0.7033551294498368,1304.0204099999974,1854,1.9023678532901858,3526.9900000000043
AF-Q2J0F2-F1-model_v4,foldseek_except_ssalign,386,37,349,0.6918676504297993,241.46180999999993,349,1.9465902578796561,679.36
AF-Q2J0F2-F1-model_v4,ssalign_except_foldseek,208,16,192,0.7386827604166667,141.82709,192,1.9721874999999993,378.65999999999985
AF-Q2J0F2-F1-model_v4,foldseek_except_ssalign_prefilter_2000,57,8,49,0.6805528571428571,33.347089999999994,49,2.164285714285715,106.05000000000004
AF-Q2J0F2-F1-model_v4,ssalign_prefilter_2000_except_foldseek,879,76,803,0.6865280199252801,551.2819999999999,803,1.8596637608966389,1493.310000000001
AF-P0DC59-F1-model_v4,foldseek,1178,94,1084,0.5743158394833948,622.55837,1084,3.538948339483399,3836.220000000005
AF-P0DC59-F1-model_v4,ssalign,1000,58,942,0.6260911040339706,589.7778200000004,942,3.7915392781316384,3571.6300000000033
AF-P0DC59-F1-model_v4,ssalign_prefilter_2000,2000,129,1871,0.569072378407268,1064.7344199999984,1871,3.6556974879743422,6839.809999999994
AF-P0DC59-F1-model_v4,foldseek_except_ssalign,696,67,629,0.5506400476947538,346.35259000000013,629,3.3541494435612074,2109.7599999999993
AF-P0DC59-F1-model_v4,ssalign_except_foldseek,518,31,487,0.616928275154004,300.4440699999999,487,3.7888501026694046,1845.17
AF-P0DC59-F1-model_v4,foldseek_except_ssalign_prefilter_2000,305,37,268,0.5309039179104478,142.28225,268,3.1346641791044787,840.0900000000003
AF-P0DC59-F1-model_v4,ssalign_prefilter_2000_except_foldseek,1127,72,1055,0.553988909952607,584.4583000000003,1055,3.6432985781990523,3843.6800000000003
AF-Q2TBR8-F1-model_v4,foldseek,801,39,762,0.6054333989501314,461.3402500000001,762,2.5195931758530166,1919.9299999999987
AF-Q2TBR8-F1-model_v4,ssalign,1000,54,946,0.5946313742071885,562.5212800000003,946,2.5753171247357294,2436.25
AF-Q2TBR8-F1-model_v4,ssalign_prefilter_2000,2000,126,1874,0.5269697438633941,987.5413000000005,1874,2.98192102454643,5588.12000000001
AF-Q2TBR8-F1-model_v4,foldseek_except_ssalign,176,7,169,0.5106081065088759,86.29277000000002,169,2.638816568047338,445.9600000000001
AF-Q2TBR8-F1-model_v4,ssalign_except_foldseek,375,22,353,0.5318578753541076,187.74582999999998,353,2.7260056657223783,962.2799999999996
AF-Q2TBR8-F1-model_v4,foldseek_except_ssalign_prefilter_2000,35,3,32,0.508496875,16.2719,32,3.0240625000000003,96.77000000000001
AF-Q2TBR8-F1-model_v4,ssalign_prefilter_2000_except_foldseek,1234,90,1144,0.4741896416083923,542.4729500000008,1144,3.291048951048954,3764.960000000003
AF-Q2IJ58-F1-model_v4,foldseek,1177,88,1089,0.7009893847566578,763.3774400000004,1089,1.60354453627181,1746.260000000001
AF-Q2IJ58-F1-model_v4,ssalign,1000,75,925,0.7254336972972978,671.0261700000004,925,1.6033081081081095,1483.0600000000013
AF-Q2IJ58-F1-model_v4,ssalign_prefilter_2000,2000,157,1843,0.7146489093868705,1317.0979400000024,1843,1.5576994031470437,2870.8400000000015
AF-Q2IJ58-F1-model_v4,foldseek_except_ssalign,847,64,783,0.6924971902937421,542.2253000000001,783,1.5981992337164743,1251.3899999999994
AF-Q2IJ58-F1-model_v4,ssalign_except_foldseek,670,51,619,0.7236715670436195,447.95270000000045,619,1.5964297253634914,988.1900000000012
AF-Q2IJ58-F1-model_v4,foldseek_except_ssalign_prefilter_2000,521,37,484,0.6816335743801653,329.91065,484,1.6465702479338837,796.9399999999997
AF-Q2IJ58-F1-model_v4,ssalign_prefilter_2000_except_foldseek,1344,106,1238,0.7137569870759287,883.6311499999997,1238,1.552116316639743,1921.5200000000018
AF-Q12EE8-F1-model_v4,foldseek,1148,75,1073,0.781050037278659,838.066690000001,1073,2.423196644920784,2600.090000000001
AF-Q12EE8-F1-model_v4,ssalign,1000,86,914,0.7721465426695842,705.7419399999999,914,2.369266958424511,2165.510000000003
AF-Q12EE8-F1-model_v4,ssalign_prefilter_2000,2000,154,1846,0.783908759479957,1447.0955700000006,1846,2.4530390032502734,4528.310000000005
AF-Q12EE8-F1-model_v4,foldseek_except_ssalign,685,40,645,0.7611351937984493,490.9321999999998,645,2.5556744186046507,1648.4099999999996
AF-Q12EE8-F1-model_v4,ssalign_except_foldseek,537,51,486,0.7589526954732512,368.8510100000001,486,2.4975925925925937,1213.8300000000006
AF-Q12EE8-F1-model_v4,foldseek_except_ssalign_prefilter_2000,431,26,405,0.7512662222222231,304.2628200000003,405,2.598790123456791,1052.5100000000004
AF-Q12EE8-F1-model_v4,ssalign_prefilter_2000_except_foldseek,1283,105,1178,0.7752900679117147,913.2917,1178,2.530331069609507,2980.729999999999
AF-Q5QZQ1-F1-model_v4,foldseek,1173,86,1087,0.6877659705611774,747.6016099999998,1087,2.4399632014719397,2652.2399999999984
AF-Q5QZQ1-F1-model_v4,ssalign,1000,71,929,0.725689644779333,674.1656800000003,929,2.399773950484392,2229.39
AF-Q5QZQ1-F1-model_v4,ssalign_prefilter_2000,2000,143,1857,0.6385739741518573,1185.831869999999,1857,2.6176198169089924,4860.919999999999
AF-Q5QZQ1-F1-model_v4,foldseek_except_ssalign,361,25,336,0.6086471726190474,204.50544999999994,336,2.6905952380952423,904.0400000000013
AF-Q5QZQ1-F1-model_v4,ssalign_except_foldseek,188,10,178,0.6802262921348314,121.08027999999999,178,2.7033146067415736,481.1900000000001
AF-Q5QZQ1-F1-model_v4,foldseek_except_ssalign_prefilter_2000,66,7,59,0.6122371186440679,36.12199000000001,59,2.670169491525424,157.54000000000002
AF-Q5QZQ1-F1-model_v4,ssalign_prefilter_2000_except_foldseek,893,64,829,0.5721981302774425,474.3522499999998,829,2.854306393244874,2366.2200000000003
AF-A8F996-F1-model_v4,foldseek,1178,86,1092,0.8509943681318686,929.2858500000004,1092,1.3407875457875456,1464.1399999999996
AF-A8F996-F1-model_v4,ssalign,1000,84,916,0.8731158187772928,799.7740900000002,916,1.2091703056768566,1107.6000000000006
AF-A8F996-F1-model_v4,ssalign_prefilter_2000,2000,152,1848,0.7879387878787861,1456.1108799999968,1848,1.4766341991341996,2728.8200000000006
AF-A8F996-F1-model_v4,foldseek_except_ssalign,470,28,442,0.8043037330316749,355.5022500000003,442,1.5472171945701358,683.87
AF-A8F996-F1-model_v4,ssalign_except_foldseek,292,26,266,0.863297330827068,229.63709000000011,266,1.2305639097744359,327.3299999999999
AF-A8F996-F1-model_v4,foldseek_except_ssalign_prefilter_2000,119,9,110,0.8437855454545458,92.81641000000003,110,1.6719090909090908,183.91
AF-A8F996-F1-model_v4,ssalign_prefilter_2000_except_foldseek,941,75,866,0.7155212933025399,619.6414399999995,866,1.6727367205542714,1448.589999999999
AF-Q0TIG6-F1-model_v4,foldseek,1178,87,1091,0.8657008432630625,944.4796200000012,1091,1.7297341888175997,1887.1400000000012
AF-Q0TIG6-F1-model_v4,ssalign,1000,99,901,0.8895141509433966,801.4522500000003,901,1.6057380688124303,1446.7699999999998
AF-Q0TIG6-F1-model_v4,ssalign_prefilter_2000,2000,171,1829,0.8795710989611809,1608.73554,1829,1.654625478403499,3026.31
AF-Q0TIG6-F1-model_v4,foldseek_except_ssalign,824,55,769,0.852249596879065,655.3799400000009,769,1.7767230169050727,1366.3000000000009
AF-Q0TIG6-F1-model_v4,ssalign_except_foldseek,646,67,579,0.8894743696027633,515.0056599999999,579,1.599188255613125,925.9299999999994
AF-Q0TIG6-F1-model_v4,foldseek_except_ssalign_prefilter_2000,520,38,482,0.8402365352697092,404.99400999999983,482,1.821410788381741,877.9199999999992
AF-Q0TIG6-F1-model_v4,ssalign_prefilter_2000_except_foldseek,1342,122,1220,0.8764343688524575,1069.2499299999981,1220,1.6533524590163946,2017.0900000000015
AF-Q1JE56-F1-model_v4,foldseek,1149,77,1072,0.8657485261194036,928.0824200000006,1072,1.3925466417910457,1492.810000000001
AF-Q1JE56-F1-model_v4,ssalign,1000,67,933,0.8699900964630228,811.7007600000003,933,1.3769774919614146,1284.7199999999998
AF-Q1JE56-F1-model_v4,ssalign_prefilter_2000,2000,120,1880,0.8399648989361698,1579.134009999999,1880,1.4409787234042566,2709.0400000000022
AF-Q1JE56-F1-model_v4,foldseek_except_ssalign,496,31,465,0.8492273763440852,394.8907299999996,465,1.4798064516129035,688.1100000000001
AF-Q1JE56-F1-model_v4,ssalign_except_foldseek,347,21,326,0.8564441411042941,279.20078999999987,326,1.4724539877300609,480.01999999999987
AF-Q1JE56-F1-model_v4,foldseek_except_ssalign_prefilter_2000,105,10,95,0.8317753684210529,79.01866000000003,95,1.6923157894736849,160.77000000000007
AF-Q1JE56-F1-model_v4,ssalign_prefilter_2000_except_foldseek,956,53,903,0.8084941860465111,730.0702499999995,903,1.5249169435215932,1376.9999999999986
AF-B3E851-F1-model_v4,foldseek,1178,89,1089,0.8794376767676769,957.7076300000002,1089,1.658953168044077,1806.6
AF-B3E851-F1-model_v4,ssalign,1000,62,938,0.9006114498933899,844.7735399999998,938,1.5410234541577827,1445.4800000000002
AF-B3E851-F1-model_v4,ssalign_prefilter_2000,2000,144,1856,0.8575136745689659,1591.5453800000007,1856,1.6953125000000022,3146.500000000004
AF-B3E851-F1-model_v4,foldseek_except_ssalign,670,58,612,0.8662599836601304,530.1511099999998,612,1.7760294117647042,1086.929999999999
AF-B3E851-F1-model_v4,ssalign_except_foldseek,492,31,461,0.8957781995661608,412.9537500000001,461,1.574425162689802,725.8099999999987
AF-B3E851-F1-model_v4,foldseek_except_ssalign_prefilter_2000,340,32,308,0.8608421753246753,265.13939,308,1.8966883116883126,584.1800000000003
AF-B3E851-F1-model_v4,ssalign_prefilter_2000_except_foldseek,1162,87,1075,0.8362578046511621,898.9771399999992,1075,1.789841860465114,1924.0799999999977
AF-P94170-F1-model_v4,foldseek,1178,106,1072,0.7651570335820901,820.2483400000006,1072,1.9489179104477643,2089.2400000000034
AF-P94170-F1-model_v4,ssalign,1000,96,904,0.7994901991150454,722.739140000001,904,1.7710176991150484,1601.0000000000036
AF-P94170-F1-model_v4,ssalign_prefilter_2000,2000,169,1831,0.7896284107045337,1445.8096200000011,1831,1.84980884762425,3387.000000000002
AF-P94170-F1-model_v4,foldseek_except_ssalign,827,60,767,0.743407131681877,570.1932699999996,767,2.04102998696219,1565.47
AF-P94170-F1-model_v4,ssalign_except_foldseek,649,50,599,0.7844753088480798,469.9007099999998,599,1.7983806343906503,1077.2299999999996
AF-P94170-F1-model_v4,foldseek_except_ssalign_prefilter_2000,621,45,576,0.7322290798611104,421.7639499999996,576,2.0877951388888847,1202.5699999999977
AF-P94170-F1-model_v4,ssalign_prefilter_2000_except_foldseek,1443,108,1335,0.7845132808988762,1047.3252299999997,1335,1.8729063670411978,2500.329999999999
AF-B9L173-F1-model_v4,foldseek,1178,87,1091,0.8681144546287813,947.1128700000005,1091,1.478524289642532,1613.0700000000022
AF-B9L173-F1-model_v4,ssalign,1000,59,941,0.871884293304994,820.4431199999993,941,1.4249096705632303,1340.8399999999997
AF-B9L173-F1-model_v4,ssalign_prefilter_2000,2000,142,1858,0.7758928148546826,1441.6088500000003,1858,1.5239128094725491,2831.429999999996
AF-B9L173-F1-model_v4,foldseek_except_ssalign,391,38,353,0.7974830594900852,281.5115200000001,353,1.5901416430594912,561.3200000000004
AF-B9L173-F1-model_v4,ssalign_except_foldseek,213,10,203,0.8591277339901475,174.40292999999994,203,1.4240886699507393,289.0900000000001
AF-B9L173-F1-model_v4,foldseek_except_ssalign_prefilter_2000,110,11,99,0.8502443434343434,84.17419,99,1.7515151515151515,173.4
AF-B9L173-F1-model_v4,ssalign_prefilter_2000_except_foldseek,932,66,866,0.6682103579676671,578.6701699999998,866,1.6071131639722864,1391.76
AF-P22138-F1-model_v4,foldseek,1171,82,1089,0.5273115151515151,574.2422399999999,1089,3.490431588613409,3801.0800000000027
AF-P22138-F1-model_v4,ssalign,1000,83,917,0.6784157033805887,622.1071999999998,917,3.8204362050163567,3503.3399999999992
AF-P22138-F1-model_v4,ssalign_prefilter_2000,2000,164,1836,0.43445175925925983,797.6534300000011,1836,4.657222222222218,8550.659999999993
AF-P22138-F1-model_v4,foldseek_except_ssalign,678,50,628,0.37789490445859886,237.3180000000001,628,3.7034076433121053,2325.740000000002
AF-P22138-F1-model_v4,ssalign_except_foldseek,507,51,456,0.5623421710526315,256.42803,456,4.447368421052632,2028.0000000000002
AF-P22138-F1-model_v4,foldseek_except_ssalign_prefilter_2000,559,39,520,0.3469878269230773,180.43367000000018,520,3.7184807692307684,1933.6099999999997
AF-P22138-F1-model_v4,ssalign_prefilter_2000_except_foldseek,1388,121,1267,0.31874101026045765,403.84485999999987,1267,5.274814522494075,6683.189999999993
AF-C5D5E6-F1-model_v4,foldseek,1178,89,1089,0.880782415059688,959.1720500000002,1089,1.529807162534433,1665.9599999999975
AF-C5D5E6-F1-model_v4,ssalign,1000,85,915,0.9098401748633889,832.5037600000009,915,1.4677158469945368,1342.9600000000012
AF-C5D5E6-F1-model_v4,ssalign_prefilter_2000,2000,177,1823,0.8130715139879331,1482.229370000002,1823,1.6253208996160158,2962.959999999997
AF-C5D5E6-F1-model_v4,foldseek_except_ssalign,401,32,369,0.7981975067750682,294.53488000000016,369,1.7151219512195128,632.8800000000002
AF-C5D5E6-F1-model_v4,ssalign_except_foldseek,223,28,195,0.8887968205128207,173.31538000000003,195,1.5891282051282052,309.88
AF-C5D5E6-F1-model_v4,foldseek_except_ssalign_prefilter_2000,29,1,28,0.6027539285714285,16.87711,28,2.253214285714285,63.08999999999998
AF-C5D5E6-F1-model_v4,ssalign_prefilter_2000_except_foldseek,851,89,762,0.7085753674540685,539.9344300000001,762,1.7848950131233583,1360.089999999999
AF-O17450-F1-model_v4,foldseek,899,58,841,0.2608322829964327,219.35994999999988,841,5.820558858501775,4895.089999999993
AF-O17450-F1-model_v4,ssalign,1000,68,932,0.3015664270386267,281.05991000000006,932,5.710032188841203,5321.750000000001
AF-O17450-F1-model_v4,ssalign_prefilter_2000,2000,134,1866,0.253206420150054,472.4831800000008,1866,5.8266130760985995,10872.459999999986
AF-O17450-F1-model_v4,foldseek_except_ssalign,675,45,630,0.23906171428571416,150.6088799999999,630,5.975047619047622,3764.280000000002
AF-O17450-F1-model_v4,ssalign_except_foldseek,776,55,721,0.2892989320388349,208.58452999999997,721,5.812676837725382,4190.9400000000005
AF-O17450-F1-model_v4,foldseek_except_ssalign_prefilter_2000,585,38,547,0.23802725776965264,130.20091,547,6.039049360146254,3303.3600000000006
AF-O17450-F1-model_v4,ssalign_prefilter_2000_except_foldseek,1686,114,1572,0.24384487277353725,383.32414000000057,1572,5.9037722646310495,9280.73000000001
AF-A3N371-F1-model_v4,foldseek,1178,89,1089,0.9026008448117538,982.9323199999999,1089,0.9877043158861342,1075.6100000000001
AF-A3N371-F1-model_v4,ssalign,1000,60,940,0.9332094787234048,877.2169100000004,940,0.9286276595744685,872.9100000000003
AF-A3N371-F1-model_v4,ssalign_prefilter_2000,2000,168,1832,0.7734493013100434,1416.9591199999995,1832,1.4824126637554613,2715.780000000005
AF-A3N371-F1-model_v4,foldseek_except_ssalign,262,35,227,0.7754333039647578,176.02336000000003,227,1.306387665198237,296.5499999999998
AF-A3N371-F1-model_v4,ssalign_except_foldseek,84,6,78,0.8842344871794873,68.97029,78,1.2032051282051286,93.85000000000002
AF-A3N371-F1-model_v4,foldseek_except_ssalign_prefilter_2000,36,9,27,0.8392866666666668,22.660740000000004,27,1.7996296296296297,48.59
AF-A3N371-F1-model_v4,ssalign_prefilter_2000_except_foldseek,858,88,770,0.5931007012987014,456.68754000000007,770,2.1931948051948056,1688.7600000000002
AF-Q7MTG9-F1-model_v4,foldseek,1178,114,1064,0.781092857142859,831.0828000000021,1064,1.6054323308270693,1708.1800000000017
AF-Q7MTG9-F1-model_v4,ssalign,1000,98,902,0.8861374833702882,799.2960099999999,902,1.658569844789355,1496.0299999999984
AF-Q7MTG9-F1-model_v4,ssalign_prefilter_2000,2000,198,1802,0.6797819311875702,1224.9670400000016,1802,2.0177081021087684,3635.9100000000003
AF-Q7MTG9-F1-model_v4,foldseek_except_ssalign,343,36,307,0.554704104234528,170.2941600000001,307,1.5557003257328992,477.6
AF-Q7MTG9-F1-model_v4,ssalign_except_foldseek,165,20,145,0.8169562068965519,118.45865000000003,145,1.830689655172414,265.45000000000005
AF-Q7MTG9-F1-model_v4,foldseek_except_ssalign_prefilter_2000,78,10,68,0.41662617647058825,28.33058,68,1.4089705882352943,95.81000000000002
AF-Q7MTG9-F1-model_v4,ssalign_prefilter_2000_except_foldseek,900,94,806,0.5238397270471464,422.21482000000003,806,2.510595533498761,2023.5400000000013
AF-A1WWV9-F1-model_v4,foldseek,1178,111,1067,0.8067284348641052,860.7792400000002,1067,1.9408434864104955,2070.8799999999987
AF-A1WWV9-F1-model_v4,ssalign,1000,80,920,0.8674472499999993,798.0514699999994,920,1.9183260869565213,1764.8599999999997
AF-A1WWV9-F1-model_v4,ssalign_prefilter_2000,2000,155,1845,0.8077592520325209,1490.315820000001,1845,1.9718102981029757,3637.9899999999902
AF-A1WWV9-F1-model_v4,foldseek_except_ssalign,658,68,590,0.7715626610169488,455.2219699999998,590,1.9914237288135586,1174.9399999999996
AF-A1WWV9-F1-model_v4,ssalign_except_foldseek,480,37,443,0.8576783747178321,379.9515199999996,443,1.9614446952595943,868.9200000000003
AF-A1WWV9-F1-model_v4,foldseek_except_ssalign_prefilter_2000,278,31,247,0.7326643319838061,180.9680900000001,247,2.021700404858298,499.3599999999997
AF-A1WWV9-F1-model_v4,ssalign_prefilter_2000_except_foldseek,1100,75,1025,0.7907362634146341,810.5046699999999,1025,2.0160682926829243,2066.4699999999975
AF-P59031-F1-model_v4,foldseek,1149,95,1054,0.8867148861480081,934.5974900000006,1054,1.2220967741935482,1288.09
AF-P59031-F1-model_v4,ssalign,1000,56,944,0.918053824152543,866.6428100000006,944,1.1497563559322037,1085.3700000000003
AF-P59031-F1-model_v4,ssalign_prefilter_2000,2000,144,1856,0.7217529471982757,1339.5734699999996,1856,1.9059321120689665,3537.4100000000017
AF-P59031-F1-model_v4,foldseek_except_ssalign,277,45,232,0.7513352155172418,174.3097700000001,232,1.5352155172413788,356.1699999999999
AF-P59031-F1-model_v4,ssalign_except_foldseek,128,6,122,0.8745322131147539,106.69292999999998,122,1.2577868852459015,153.45
AF-P59031-F1-model_v4,foldseek_except_ssalign_prefilter_2000,61,10,51,0.7857211764705885,40.07178000000001,51,2.0690196078431375,105.52000000000001
AF-P59031-F1-model_v4,ssalign_prefilter_2000_except_foldseek,912,59,853,0.5217441500586171,445.0477600000003,853,2.760656506447831,2354.8399999999997
AF-B2G8V9-F1-model_v4,foldseek,1178,91,1087,0.8376455197792093,910.5206800000005,1087,1.7411683532658722,1892.650000000003
AF-B2G8V9-F1-model_v4,ssalign,1000,80,920,0.83787020652174,770.8405900000008,920,1.761978260869565,1621.02
AF-B2G8V9-F1-model_v4,ssalign_prefilter_2000,2000,143,1857,0.7575096230479272,1406.6953700000008,1857,2.1783737210554652,4045.2399999999993
AF-B2G8V9-F1-model_v4,foldseek_except_ssalign,449,35,414,0.7647193236714973,316.5937999999999,414,1.8520772946859922,766.7600000000008
AF-B2G8V9-F1-model_v4,ssalign_except_foldseek,271,24,247,0.8025749797570844,198.23601999999983,247,2.004574898785426,495.1300000000002
AF-B2G8V9-F1-model_v4,foldseek_except_ssalign_prefilter_2000,253,28,225,0.7282138222222215,163.84810999999985,225,1.6881777777777769,379.8399999999998
AF-B2G8V9-F1-model_v4,ssalign_prefilter_2000_except_foldseek,1075,80,995,0.6633394974874381,660.022800000001,995,2.5451557788944728,2532.4300000000003
AF-B4S752-F1-model_v4,foldseek,1178,94,1084,0.7756325461254612,840.78568,1084,1.7304612546125404,1875.8199999999938
AF-B4S752-F1-model_v4,ssalign,1000,54,946,0.7969107928118394,753.8776100000001,946,1.8825475687103588,1780.8899999999994
AF-B4S752-F1-model_v4,ssalign_prefilter_2000,2000,145,1855,0.7660809919137472,1421.0802400000011,1855,1.846954177897576,3426.1000000000035
AF-B4S752-F1-model_v4,foldseek_except_ssalign,904,75,829,0.771234209891434,639.3531599999988,829,1.6981302774426958,1407.7499999999948
AF-B4S752-F1-model_v4,ssalign_except_foldseek,726,35,691,0.7911663386396526,546.69594,691,1.8998842257597688,1312.8200000000002
AF-B4S752-F1-model_v4,foldseek_except_ssalign_prefilter_2000,472,39,433,0.7670242032332567,332.12148000000013,433,1.668013856812932,722.2499999999995
AF-B4S752-F1-model_v4,ssalign_prefilter_2000_except_foldseek,1294,90,1204,0.7578206312292364,912.4160400000006,1204,1.8874833887043199,2272.530000000001
AF-Q6X9E4-F1-model_v4,foldseek,1175,89,1086,0.5174674493554329,561.9696500000001,1086,4.1888581952117825,4549.099999999996
AF-Q6X9E4-F1-model_v4,ssalign,1000,98,902,0.5477501662971173,494.0706499999998,902,4.160376940133042,3752.6600000000035
AF-Q6X9E4-F1-model_v4,ssalign_prefilter_2000,2000,176,1824,0.5241249122807026,956.0038400000016,1824,4.219161184210531,7695.750000000008
AF-Q6X9E4-F1-model_v4,foldseek_except_ssalign,1084,73,1011,0.503768496538081,509.3099499999999,1011,4.273461918892185,4320.469999999998
AF-Q6X9E4-F1-model_v4,ssalign_except_foldseek,909,82,827,0.5302882103990324,438.5483499999998,827,4.261221281741235,3524.030000000001
AF-Q6X9E4-F1-model_v4,foldseek_except_ssalign_prefilter_2000,1080,73,1007,0.5037673882820257,507.29375999999985,1007,4.2743296921549145,4304.249999999999
AF-Q6X9E4-F1-model_v4,ssalign_prefilter_2000_except_foldseek,1905,160,1745,0.5165203151862467,901.3279500000007,1745,4.269856733524358,7450.900000000004
AF-B2T0I5-F1-model_v4,foldseek,1178,92,1086,0.778811712707182,845.7895199999996,1086,2.6135819521178605,2838.3499999999967
AF-B2T0I5-F1-model_v4,ssalign,1000,83,917,0.785193969465649,720.0228700000001,917,2.480992366412216,2275.0700000000024
AF-B2T0I5-F1-model_v4,ssalign_prefilter_2000,2000,167,1833,0.7783729623567927,1426.757640000001,1833,2.5716693944353537,4713.8700000000035
AF-B2T0I5-F1-model_v4,foldseek_except_ssalign,737,52,685,0.7688028759124081,526.6299699999996,685,2.686992700729927,1840.5900000000001
AF-B2T0I5-F1-model_v4,ssalign_except_foldseek,559,43,516,0.7826758333333332,403.86072999999993,516,2.4754069767441833,1277.3099999999986
AF-B2T0I5-F1-model_v4,foldseek_except_ssalign_prefilter_2000,410,27,383,0.7659481462140997,293.35814000000016,383,2.691018276762401,1030.6599999999996
AF-B2T0I5-F1-model_v4,ssalign_prefilter_2000_except_foldseek,1232,102,1130,0.773740053097346,874.326260000001,1130,2.5718407079646033,2906.1800000000017
